"Message";"Created At";"Post ID";"Post Type"
"MayConcept : Shoot Me PlzModel : Boonyapohn ThitisakyothinPhotographer : ภูวิศ สงฆ์ประสิทธิ์#Model #Sexy #Cute #CupE";"2018-04-03T02:04:54+0000";"958865924218839_1571042936334465";"photo"
"Cup D For references..... Catty gal";"2018-04-02T15:25:23+0000";"958865924218839_1570613073044118";"photo"
"EnjoyConcept : Mood & LightModel : Kanyapat SuvinanPhotographer : Wisanu Ch#Model #Sexy #Cute #CupE";"2018-04-02T13:57:37+0000";"958865924218839_1570541509717941";"photo"
"Janet & MingFhaModel : Janet Kanokwan Saesim Mananya Benjachokanant Pics & Photos : CkkStudio2014";"2018-04-02T12:24:27+0000";"958865924218839_1570464003059025";"video"
"LookgadeConcept : PrincessModel : Chadaporn Lookgade RungsanpreechaPhotographer : Pintro Taoyai#Model #Sexy #Cute #CupE";"2018-04-02T11:03:41+0000";"958865924218839_1570407619731330";"photo"
"CartoonConcept : Thai Fusion Model : Sirima BoonlamlertPhotographer : Jirathep JaraskunStylist : @ครูสมพิศ ครูหอย บ้านรำไทย วงศ์ศิริสมศิลป์#Model #Sexy #Cute #CupE";"2018-04-02T09:04:21+0000";"958865924218839_1570327199739372";"photo"
"Fon #CupE ... Raining DayModel : Chonlada PatsatanCr song : @thebrosis";"2018-04-02T06:57:16+0000";"958865924218839_1570246326414126";"video"
"FearConcept : Da BeachModel : Thanyarat CharoenpornkittadaPhotographer : Sornsawan Chamchaem#Model #Sexy #Cute #CupE";"2018-04-02T05:07:18+0000";"958865924218839_1570186546420104";"photo"
"ManowConcept : Love AloneModel : Bunnada Na RanongPhotographer : Chawapon Pun Nuamboonlue Page : PNG#Model #Sexy #Cute #CupE";"2018-04-02T02:01:08+0000";"958865924218839_1570077293097696";"photo"
"KwanConcept : Blue Piece Model : กัลย์สุดา ล้านคำPhotographer : มลลาภ น้อยหัวหาด#Model #Sexy #Cute #CupE";"2018-04-01T13:59:56+0000";"958865924218839_1569579206480838";"photo"
"May วลยModel : วัลยา นิวรณ์การณ์Page : Cutie";"2018-04-01T12:33:28+0000";"958865924218839_1569510209821071";"video"
"Concept : VSCO JuilaluxModel : Julalux Honey'iiPhotographer : สิทธิชัย ศิริโวหาร#Model #Sexy #Cute #CupE";"2018-04-01T10:53:02+0000";"958865924218839_1569411819830910";"photo"
"Tang... After SchoolModel : วิรยา วิศรียาPics : ระพินทร์ ไพรวัลย์";"2018-04-01T09:18:02+0000";"958865924218839_1569352343170191";"video"
"Concept : Black BikiModel : Mint PraraneePhotographer : Sanguandee Thanee#Model #Sexy #Cute #CupE";"2018-04-01T07:00:50+0000";"958865924218839_1569275703177855";"photo"
;"2018-04-01T04:50:02+0000";"958865924218839_1569204179851674";"video"
"CupE on tour... MotorShow2018Model : Surutsawadee Mind PhuengwongthongAirry PhatcharaphaSutassa SuthumjindakunFah Chatchaya SuthisuwanPannachika Chaikawinอัญพัชญ์ วัฒนาตันติรัตน์Anchalee WangwanJanet Kanokwan SaesimNanthawan Thumjaroenสุกัญญา กออินKanpicha ChotiwachirapanAtita LaoteppitaksChadaporn Lookgade RungsanpreechaRadaporn ChulasawokJarunan TavepanyaSathankorn MmayyKarnokrapee Mind Lueangparsertฐิติวรดา จังจริงOS SripatthaKitiya HomcheanPraiya SrikamolWanatsanan SupattarasakdaViranpach WongkhuanPanicha VichaiditNongnapat Khodeereeศิริพรนรา นิลน้อยWipawee GamprasertsukKamonwan SangchomNatthar SaoungPloyrung Rorarungนภัสนันท์ เบญจมาศThanyarat RodpolChonchaya WangphongGachamas WongsawattanakulPloy PeampoolWorawalunh LeelhasuwanMydear PapichayaThx for likes & Shares";"2018-04-01T04:46:24+0000";"958865924218839_1569193119852780";"video"
"TubtimConcept : REDModel IG : timtubtiimPage : Timtubtiim La-vifPhotographer : Jinnatri ThanakrittaPage : www.fb.com/plyfoto";"2018-04-01T02:04:17+0000";"958865924218839_1569097803195645";"photo"
"MinConcept : FighterModel : Watsmin YsPhotographer : เก่งกาจ เก่ง แก้วมีมา#Model #Sexy #Cute #CupE";"2018-03-31T14:03:40+0000";"958865924218839_1568634486575310";"photo"
"Cup D for references";"2018-03-31T12:43:41+0000";"958865924218839_1568564903248935";"photo"
"ManowConcept : Sleepy DayModel : Patcharin ManowPhotographer : Bank Phaijidwarodom#Model #Sexy #Cute #CupE";"2018-03-31T11:05:36+0000";"958865924218839_1568500649922027";"photo"
"TanConcept : In The ToiletModel : Numtan NattananPhotographer : Wanchana Sawaddikarn#Model #Sexy #Cute #CupE";"2018-03-31T08:59:33+0000";"958865924218839_1568381823267243";"photo"
"Pangrum #CupE ... Cleaner Model : Worawalunh LeelhasuwanThx : Sailing Yacht Thailand";"2018-03-31T07:15:49+0000";"958865924218839_1568330013272424";"video"
"KanomConcept : Sexy CookModel : ภัทรฤทัย ธนันบวรกิจPhotographer : Puay Lim#Model #Sexy #Cute #CupE";"2018-03-31T04:59:02+0000";"958865924218839_1568241279947964";"photo"
"KookaiConcept : Fresh Saturday Model : Nano Kook KaiPhotographer : Kitipoom Beer Suwanteep#Model #Sexy #Cute #CupE";"2018-03-31T02:08:37+0000";"958865924218839_1568151779956914";"photo"
"MoConcept : White BlanketModel : Mo SukanyaPhotographer : Marut Utl#Model #Sexy #Cute #CupE";"2018-03-30T13:56:23+0000";"958865924218839_1567625023342923";"photo"
"PopModel : Loppoop PunnpopPic : Jirathep JaraskunThx : The Loft Garage";"2018-03-30T12:50:14+0000";"958865924218839_1567570583348367";"video"
"MookConcept : The LightModel : Pichana YoosukPhotographer : Thannawat Limjaroenchai#Model #Sexy #Cute #CupE";"2018-03-30T11:05:46+0000";"958865924218839_1567479610024131";"photo"
"FinnyConcept : Sexy MinkModel : Chananchida ThinbangbonPhotographer : B'ing Gose YamamotoPage : Sexy Siam#Model #Sexy #Cute #CupE";"2018-03-30T09:07:31+0000";"958865924218839_1567411273364298";"photo"
"Jajah #CupE .... SleepDayModel : Jajah Wantana";"2018-03-30T06:55:08+0000";"958865924218839_1567342283371197";"video"
"MintConcept : Black One Piece Model : Mint PrapatsaraPhotographer : Kittisak Keirtprawatngam#Model #Sexy #Cute #CupE";"2018-03-30T05:04:29+0000";"958865924218839_1567264993378926";"photo"
"Manow Concept : Say SomethingModel : Bunnada Na RanongPhotographer : Chawapon Pun NuamboonluePage : PNG#Model #Sexy #Cute #CupE";"2018-03-30T02:00:25+0000";"958865924218839_1567170880055004";"photo"
"MookConcept : The Tattoo ToyModel : Chalinee UdomchanachaiPhotographer : Tara Saetang#Model #Sexy #Cute #CupE";"2018-03-29T13:59:03+0000";"958865924218839_1566686726770086";"photo"
"PloyModel : พลอยไพลิน ธนวัฒน์";"2018-03-29T12:30:12+0000";"958865924218839_1566610336777725";"video"
"NooMindConcept : Evening sunshineModel : NooMind PrangsaiPhotographer : NoppaDon Sonin#Model #Sexy #Cute #CupE";"2018-03-29T11:07:09+0000";"958865924218839_1566548766783882";"photo"
"PeachConcept : peach youModel : อภิสรา อุดมมงคลPhotographer : Aekkaluk Sangjamkrajang#Model #Sexy #Cute #CupE";"2018-03-29T09:00:52+0000";"958865924218839_1566467670125325";"photo"
"Mooki #CupEModel : Tidapoorn Ngiamfak";"2018-03-29T07:06:18+0000";"958865924218839_1566381300133962";"video"
"NannyConcept : Can’t Take My Eyes Off You.Model : Dusita NinketPhotographer : Nitikorn ThongkramPage : UglyAesop#Model #Sexy #Cute #CupE";"2018-03-29T05:03:30+0000";"958865924218839_1566308840141208";"photo"
"LookPlaConcept : LP StyleModel : Supansa YoopraditPhotographer : Portrait by Turdthai.N#Model #Sexy #Cute #CupE";"2018-03-29T02:02:12+0000";"958865924218839_1566191223486303";"photo"
"JubJangConcept : White ShirtModel : @จุ๊บแจง พาเพลินhttps://www.facebook.com/jubjang.singhad.7Photographer : Akesit Panngam#Model #Sexy #Cute #CupE";"2018-03-28T13:57:00+0000";"958865924218839_1565647466874012";"photo"
"Fon ...its rainingModel : Naphatsanan SamathaPics & Photo : CkkStudio2014";"2018-03-28T12:27:29+0000";"958865924218839_1565573566881402";"video"
"PayPrimConcept : I Love SeaModel : Chanitnan PimolnatketsaraPhotographer : Camerag Green #Model #Sexy #Cute #CupE";"2018-03-28T11:01:55+0000";"958865924218839_1565511226887636";"photo"
"AirrinConcept : Little RoomModel : Airrin PornsawanPhotographer : Ryusuke Ratanapanee#Model #Sexy #Cute #CupE";"2018-03-28T09:00:13+0000";"958865924218839_1565435440228548";"photo"
"Fon #CupE .... Colorful DayModel : Chonlada Patsatan";"2018-03-28T06:59:05+0000";"958865924218839_1565352863570139";"video"
"Eye & EarnConcept : Sis..Model : Rossarin Klinhom & Pattaravadee BoonmeesupPhotographer : Parnupong Thainpattanakul#Model #Sexy #Cute #CupE";"2018-03-28T05:11:42+0000";"958865924218839_1565274140244678";"photo"
"Photographer : Noss Za";"2018-03-28T04:17:09+0000";"958865924218839_1565246286914130";"photo"
"ManowConcept : Light and ShadowModel : Bunnada Na RanongPhotographer : Wasin Permwongnitikorn#Model #Sexy #Cute #CupE";"2018-03-28T02:10:35+0000";"958865924218839_1565174000254692";"photo"
"KhimConcept : inw khim khim Model : Sk SaikhimPhotographer : มลลาภ น้อยหัวหาด#Model #Sexy #Cute #CupE";"2018-03-27T13:59:53+0000";"958865924218839_1564635596975199";"photo"
"Mao Concept : GreennnnnnnModel : Sangrawee ChansakhranPhotographer : Pamorn Sittikesorn#Model #Sexy #Cute #CupE";"2018-03-27T10:59:44+0000";"958865924218839_1564478850324207";"photo"
"May Model : วัลยา นิวรณ์การณ์Photo : Cutie";"2018-03-27T09:03:13+0000";"958865924218839_1564387736999985";"video"
"YingModel : Yaya Ying MyPrincessPics & Video : Sakidting Nakhonphanom";"2018-03-27T07:03:51+0000";"958865924218839_1564318723673553";"video"
"KaiMukConcept : Brown RiceModel : Nilawan IamchuasawadPhotographer : Gee NikonPage : StudioG - MK II#Model #Sexy #Cute #CupE";"2018-03-27T04:58:14+0000";"958865924218839_1564236557015103";"photo"
"PloyConcept : Sexy on Summer Model : Ploy SunisaPhotographer : Thanet Phanalikool#Model #Sexy #Cute #CupE";"2018-03-27T02:17:36+0000";"958865924218839_1564141477024611";"photo"
"Jiw Model : Pattaraya ChayakonnanPhoto : Cutie";"2018-03-26T14:04:02+0000";"958865924218839_1563624693742956";"video"
"Hay... Error Model : ชมภูนุช เขียวชอุ่ม";"2018-03-26T12:20:43+0000";"958865924218839_1563540950417997";"status"
"JaJaaConcept : Grey in PinkModel : JaJaa Zarin'nPhotographer : Pongsathon MakalukPage : Cutie#Model #Sexy #Cute #CupE";"2018-03-26T10:54:43+0000";"958865924218839_1563481380423954";"photo"
"Concept : Sexy OutDoorModel : Catty MiyaPhotographer : Sanguandee Thanee#Model #Sexy #Cute #CupE";"2018-03-26T09:17:37+0000";"958865924218839_1563421760429916";"photo"
"Eve #CupEModel : Chernas RutthanasarinBrand : Chernas เฌอณัช";"2018-03-26T06:58:06+0000";"958865924218839_1563322717106487";"video"
"PlaifonConcept : So whiteModel : Wanthiya PlaifonnPhotographer : B'ing Gose YamamotoPage : Sexy Siam#Model #Sexy #Cute #CupE";"2018-03-26T05:17:30+0000";"958865924218839_1563249267113832";"photo"
"                               ";"2018-03-26T02:02:00+0000";"958865924218839_1563163463789079";"photo"
"Min Concept : L a m o o n Model : Watsmin YsPhotography : เก่งกาจ เก่ง แก้วมีมา#Model #Sexy #Cute #CupE";"2018-03-25T13:56:31+0000";"958865924218839_1562561883849237";"photo"
"Concept : 18+ V.1Model : Vong ThammavongPhotographer : Komkrit Charoen#Model #Sexy #Cute #CupE";"2018-03-25T11:08:24+0000";"958865924218839_1562433977195361";"photo"
"Concept : in UniformModel : Kanokporn Sopontaweesab &Alisa PhonaemPhoto : #CupE";"2018-03-25T09:26:14+0000";"958865924218839_1562370960534996";"photo"
"Ampare Model : Anchalee Wangwan";"2018-03-25T07:13:53+0000";"958865924218839_1562295560542536";"video"
"Concept : Sunbathe in the pool Model : Prosper AirryPhotographer : Kittisak Keirtprawatngam#Model #Sexy #Cute #CupE";"2018-03-25T05:16:56+0000";"958865924218839_1562225407216218";"photo"
"ParaomConcept : SunshineModel : Soochada ThongtasomPhotographer : EyemoryPage :  Her Vibes#Model #Sexy #Cute #CupE";"2018-03-25T02:07:53+0000";"958865924218839_1562093443896081";"photo"
"TonaorConcept : Scottish bodyModel : ชีวรัตน์ ขู่ซุ่ยหลีPhotographer : Jaturong Buaduang#Model #Sexy #Cute #CupE";"2018-03-24T14:00:04+0000";"958865924218839_1561585703946855";"photo"
"Fon #CupEModel : Chonlada Patsatan";"2018-03-24T12:43:10+0000";"958865924218839_1561522400619852";"video"
"BonusConcept : LegendModel : Supaporn Angels MaisoongPhotographer : Kritsda Sahdeng#Model #Sexy #Cute #CupE";"2018-03-24T11:05:08+0000";"958865924218839_1561457480626344";"photo"
"ƇĤ♡ƬĪҠΛConcept : “ LOOK ”Model : โชติกา ศรีทองชื่นPhotographer : Sittidech BoonmatonPage : https://www.facebook.com/Iambajang/?pnref=lhc#Model #Sexy #Cute #CupE";"2018-03-24T08:57:09+0000";"958865924218839_1561389277299831";"photo"
"Enjoy #CupE .... Be RedModel : Piyathida Paisanwattanakun";"2018-03-24T07:14:24+0000";"958865924218839_1561332157305543";"video"
"KaimookConcept : relax timeModel : Nilawan IamchuasawadPhotographer : Thotsapon Chottitapornpage : https://m.facebook.com/THOTPhoto/#Model #Sexy #Cute #CupE";"2018-03-24T04:59:26+0000";"958865924218839_1561261173979308";"photo"
"ManowConcept : FlowerModel : Bunnada Na RanongPhotographer : Sornsawan ChamchaemPage : JZornPhotoholic#Model #Sexy #Cute #CupE";"2018-03-24T02:00:47+0000";"958865924218839_1561161883989237";"photo"
"PearConcept : Sexy SiamModel : Thunsuda KemkulwanichPhotographer : Sirisablack NonthaburiPage : Sexy Siam#Model #Sexy #Cute #CupE";"2018-03-23T13:52:56+0000";"958865924218839_1560646507374108";"photo"
"ToonModel : Sirima Pic : Jirathep JaraskunStylist: ครูสมพิศ ครูหอย บ้านรำไทย วงศ์ศิริสมศิลป์S.ThX: Mida Grande Hotel Dhavaravati Nakhon Pathom";"2018-03-23T13:20:37+0000";"958865924218839_1560614287377330";"video"
"FernConcept : Black SpinsModel : Fern PanadsayaPhotographer : B'ing Gose YamamotoPage : Sexy Siam#Model #Sexy #Cute #CupE";"2018-03-23T11:02:55+0000";"958865924218839_1560504034055022";"photo"
"YinggyConcept : First BraModel : Ponjuree YingGyPhotographer : Aekkaluk Sangjamkrajang#Model #Sexy #Cute #CupE";"2018-03-23T09:02:53+0000";"958865924218839_1560432870728805";"photo"
"Arys #CupEModel : Arys Nam-in";"2018-03-23T07:21:08+0000";"958865924218839_1560378760734216";"video"
"SmileConcept : Be FitModel : Kanlaya Sae-ngowPhotographer : นฤพล ศักดิ์ศิริรัตน์Page : Teki Photo#Model #Sexy #Cute #CupE";"2018-03-23T05:06:24+0000";"958865924218839_1560307720741320";"photo"
"MINT Concept : Morning Sea Model : Achiraya Leevatcharakul Photographer : Tullachai ThipawetPage : @NARA STORY#Model #Sexy #Cute #CupE";"2018-03-23T01:58:26+0000";"958865924218839_1560200984085327";"photo"
"NanConcept : First YellowModel : กนกญาดา จิตอำพันPhotographer : @Shutter speed#Model #Sexy #Cute #CupE";"2018-03-22T13:57:51+0000";"958865924218839_1559617384143687";"photo"
"New facebook #mook Pichana Yoosuk";"2018-03-22T13:05:05+0000";"958865924218839_1559555480816544";"video"
"#เชียร์ไทยใช้ใจล้วนๆAlisa Phonaem";"2018-03-22T12:25:22+0000";"958865924218839_1559514764153949";"video"
"MookConcept : New facebook Mook.. please follow herModel : Pichana YoosukPhotographer : Gee NikonPage : StudioG - MK IIตามไป follow กันนะครับ #มุกเฟสใหม่#Model #Sexy #Cute #CupE";"2018-03-22T11:05:28+0000";"958865924218839_1559455784159847";"photo"
"FirstConcept : BlackModel : Prapasara PunlaoPhotographer : Jinnatri ThanakrittaPage : ถ่ายเล่น จริง จริง#Model #Sexy #Cute #CupE";"2018-03-22T09:02:38+0000";"958865924218839_1559383704167055";"photo"
"Ployly #CupE .... Study HardModel : Kanokporn Sopontaweesab";"2018-03-22T06:51:00+0000";"958865924218839_1559311337507625";"video"
"MaoConcept : Be GreenModel : Sangrawee ChansakhranPhotographer : Pamorn Sittikesorn#Model #Sexy #Cute #CupE";"2018-03-22T05:06:02+0000";"958865924218839_1559258407512918";"photo"
"MayConcept : White CutieModel : วัลยา นิวรณ์การณ์Photographer : วีระพงษ์ พุ่มวิเศษPage : Cutie#Model #Sexy #Cute #CupE";"2018-03-22T02:00:04+0000";"958865924218839_1559156470856445";"photo"
"Lookgade Concept : Black BikiModel : Chadaporn Lookgade RungsanpreechaPhotographer : Sumeth Pongpetra#Model #Sexy #Cute #CupE";"2018-03-21T13:55:01+0000";"958865924218839_1558628490909243";"photo"
"KokoModel : Koko RosjaresPics & Video : Komkrit Charoen";"2018-03-21T12:30:18+0000";"958865924218839_1558557307583028";"video"
"NumphungConcept : Sweetie NumphungModel : Supitcha BoonkumphoungPhotographer : Parnupong Thainpattanakul#Model #Sexy #Cute #CupE";"2018-03-21T11:05:14+0000";"958865924218839_1558467064258719";"photo"
"FahConcept : White RedModel : Fah Chatchaya SuthisuwanPhotographer : Tong Nitiwat IndiesPage : Cutie#Model #Sexy #Cute #CupE";"2018-03-21T09:01:10+0000";"958865924218839_1558383650933727";"photo"
"Cherry... วันหนึ่งฉันเดินเข้าป่าModel : Cherry Pawan JaroeninlaphatPics & Video : CkkStudio2014Song Cr. Max Jenmana";"2018-03-21T06:55:22+0000";"958865924218839_1558304217608337";"video"
"FernConcept : Black SesameModel : darunee EiemfiemPhotographer : Kridsada EiamsakulPage : Makrid#Model #Sexy #Cute #CupE";"2018-03-21T05:01:10+0000";"958865924218839_1558240684281357";"photo"
"Good Morning Teacher, How are you today? I'm fine....Model : Arys Nam-in";"2018-03-21T03:20:43+0000";"958865924218839_1558182887620470";"photo"
"CatConcept : The BattleModel : Suchada PramoulkanPhotographer : Nitipong J-r Foto Pattanapirom#Model #Sexy #Cute #CupE ***หนึ่งในข้อกฎแห่งความปลอดภัยในการใช้อาวุธปืนอย่านำนิ้วเข้าโกร่งไกจนกว่าจะชี้ปืนไปที่เป้าหมายและพร้อมที่จะยิง";"2018-03-21T02:06:37+0000";"958865924218839_1558137480958344";"photo"
"MintConcept : Love me love my catModel : Pantaree TienmonPhotographer : Chuchai KaewkliangPage : Yo FotoHolic#Model #Sexy #Cute #CupE";"2018-03-20T13:56:48+0000";"958865924218839_1557520474353378";"photo"
"FonModel : Chonlada Patsatan";"2018-03-20T12:27:25+0000";"958865924218839_1557435591028533";"video"
"MangporConcept : Blue Mountain Model : Wanatsanan SupattarasakdaPhotographer : Heart Issareeworatit#Model #Sexy #Cute #CupE";"2018-03-20T10:57:29+0000";"958865924218839_1557364321035660";"photo"
"PhoneConcept : BODYSUITModel : นพมาศ ไอโฟน สีเมฆPhotographer : Wanchana Sawaddikarn#Model #Sexy #Cute #CupE";"2018-03-20T09:07:39+0000";"958865924218839_1557278691044223";"photo"
"Tangkwa #CupE ...Happy MealModel : Thanyarat RodpolThx : Sailing Yacht Thailand";"2018-03-20T06:56:08+0000";"958865924218839_1557200307718728";"video"
