post,comments,likes,shares
AnnConcept : Blue DreamModel : Ann NyPhotographer : Kritsana Taweesaksing Affiliation : Cutie#Model #Sexy #Cute #CupE,37,3940,186
Pang #CupE .... Little Mermaid Model : อุษณีย์ แป้ง เสือโรจน์,250,10149,2789
YoConcept : Sea MEModel : Sangrawee WongpramothPhotographer : Pittaya Wongklahan#Model #Sexy #Cute #CupE,108,6923,541
DowsConcept : SunsetModel : Renuka WisesnunPhotographer : Napasakorn Chaikanarukkul#Model #Sexy #Cute #CupE,41,3773,233
Aum Model : Natthakarn ImjaisukePhoto : Cup D,360,16060,5212
PeachConcept : Man UModel : อภิสรา อุดมมงคลPhotographer : #Unknown#Model #Sexy #Cute #CupE,42,2911,165
TuktaConcept : Full BlackModel : พัชรี พิกุลทองPhotographer : Puntawat Hanwattanakul#Model #Sexy #Cute #CupE,31,3324,151
MuayConcept : Sexy poolModel : Nithipron RithkrajaiPhotographer : วีระพงษ์ พุ่มวิเศษPage : Cutie#Model #Sexy #Cute #CupE,138,9146,631
JennyModel : Soithip PalwongpaisalPhoto : CkkStudio2014,123,7628,2381
PangrumConcept : Sexy CropModel : Worawalunh LeelhasuwanPhoto : Portrait by Turdthai.N#Model #Sexy #Cute #CupE,60,4895,469
MookConcept : White T-ShirtModel : Pichana YoosukPhotographer : Thanaphon Sta PornpisitPage : STEP PHOTO#Model #Sexy #Cute #CupE,98,6148,720
Fame #CupEModel : Woranun Nalatworasakul,203,12393,2760
BenjiConcept : GreyModel : Phatthira SoonleewongPhotographer : Gee NikonPage : StudioG - MK II#Model #Sexy #Cute #CupE,66,4567,355
KeeConcept : PeekModel : Jarinporn BoonritPhotographer : Panuwit Sukpramarn#Model #Sexy #Cute #CupE,37,4124,191
Concept : Sweet DreamModel : ทอฝัน วรโชติธนัน https://www.facebook.com/profile.php?id=100013251011702Photographer : มลลาภ น้อยหัวหาด#Model #Sexy #Cute #CupE,83,6086,409
Koko.... Be RedModel : Koko RosjaresPics & Video : Komkrit Charoen,368,12473,3677
Concept : Day Dream-erModel : Nilawan Iamchuasawad Photogrspher : Nitikorn Thongkram Page : UglyAesop#Model #Sexy #Cute #CupE,134,6255,788
Concept : Pure Girl Model : @Jorjane Boonching https://www.facebook.com/jorjanesPhotographer :  Vorakorn Kongkaew https://www.facebook.com/bucktum#Model #Sexy #Cute #CupE,106,7060,514
น้องเฟมคัมแบค Woranun Nalatworasakul,210,2146,70
รูปขนาด 1x1เอฟเฟค หรือ square effect (น่าจะชั่วคราว)พี่มาร์คเค้าว่า โพสรูป 1x1ดี. เราก็ต้องว่าดีทางทีมงานก็เตรียมการสำหรับแฟนเพจละครับสิ่งที่เปลี่ยนแปลง- ภาพถูกตัดเป็นขนาดสี่เหลี่ยมจัตุรัส 1x1- ไม่สามารถซูมได้- ไม่สามารถ save ได้ - ไม่สามารถกดดูเต็มได้ - ลงหลายรูปจะเลื่อนข้างๆกราบพี่มาร์ค,11,1042,12
Khimkae #CupEModel : Khimkae Surasen,228,9817,2797
TangkwaConcept : Cup E on YachtModel : Thanyarat RodpolPhotographer : Tor PariyesThx : Sailing Yacht Thailand#Model #Sexy #Cute #CupE,126,6813,539
Anna LeeConcept : lonelyModel : Yuexin LiPhotographer : Thotsapon ChottitapornPage : https://m.facebook.com/THOTPhoto/#Model #Sexy #Cute #CupE,14,1951,57
BenConcept : Red NiteModel : เบญจพร อาษาราชPhotographer : Varodom PomcotPage : มีนมมั๊ย#Model #Sexy #Cute #CupE,98,7432,337
EnjoyModel : นุชนาถ นาคะธีรานนท์Photo : Cup D,422,15166,4427
BotyConcept : AVModel : Alisa PhonaemPhotographer : Gee NikonPage :  StudioG - MK II#Model #Sexy #Cute #CupE,83,7639,392
ViewConcept : WhiteModel : Vong ThammavongPhotographer : Aekkaluk Sangjamkrajang#Model #Sexy #Cute #CupE,119,9009,731
Manow #CupE ... University UniformModel : Bunnada Na Ranong,736,18751,16556
ManowConcept : Feel of ….Model : Bunnada Na RanongPhotographer : WISH you#Model #Sexy #Cute #CupE,35,3575,298
YamConcept : In Car Model : Yam KonruechaIg : yamyam_24Photographer : Jojoe FotayenPage : Fotayen#Model #Sexy #Cute #CupE,20,3561,160
PangrumConcept : YachtModel : Worawalunh LeelhasuwanPhotographer : Tor PariyesThx : Sailing Yacht Thailand#Model #Sexy #Cute #CupE,68,5334,483
Pang #myboyModel : Sukarnda Krongyuth,81,4855,1589
PangRum #Sexy,42,3196,193
AmmamiiConcept : Hot Cha !Model : Aumamii UpaipromPhotographer : Nitirakz DuanghaklungPage : อะ - เกิน#Model #Sexy #Cute #CupE,36,3042,261
MaysaConcept : Maysa On MarchModel : Ploypapat KhunphromPhotographer : Gee NikonPage : StudioG - MK II#Model #Sexy #Cute #CupE,91,6763,656
I’m so HOT!! ... Enjoy #CupEModel : Piyathida Paisanwattanakun,238,10081,2562
CaramellConcept : White idolModel : Caramell ChanitaPhotographer : Ratchapoom Faxon#Model #Sexy #Cute #CupE,72,4735,241
MindConcept : Grey ColorModel : Lalita ThaikanPhotographer : สิทธิชัย ศิริโวหาร#Model #Sexy #Cute #CupE,198,11972,784
KawfaiiConcept : TattooModel : @Piyada Fangkaewhttps://www.facebook.com/kawfaiioopzPhotographer : Marut Utl#Model #Sexy #Cute #CupE,93,6318,442
Teaser.... #CupE,74,4913,395
Concept : White no braModel : @Bamby LindaPhotographer : Petchy Saosri#Model #Sexy #Cute #CupE,62,5379,269
Concept : Yellow PinkModel : วัลยา นิวรณ์การณ์Photographer : Wisanu Ch#Model #Sexy #Cute #CupE,65,6005,409
JaJah #CupEModel : Jajah Wantrana,1396,22109,24751
Concept : Bunny GirlModel : Chompoopear ChompakkamonPhotographer : Suvapich Thaothampitak#Model #Sexy #Cute #CupE,77,5366,432
PamConcept : KimonoModel : แพม ศิรประภา เรืองสุวรรณPhotographer : Puay Lim#Model #Sexy #Cute #CupE,12,3122,85
CherryConcept : Sweet dreamModel : Cherry NachichaPhotographer : Jiraphat NajaiPage : TLING photographer#Model #Sexy #Cute #CupE,33,4905,293
NannyConcept : ma boyModel : Dusita NinketPhotographer : Parnupong Thainpattanakul#Model #Sexy #Cute #CupE,158,15050,912
"เนื่องจากกระแสจากเพจต่างๆที่ขโมยงานของเพจ Cup E และช่างภาพในเครือเพจ ไปโพสโดยไม่รับอนุญาติ จนทำให้มีกระแสวิจารณ์จนเสื่อมเสียทางเพจจึงเรียนใคร่ให้เพจต่างๆที่ขโมยผลงานทางเพจไปลงรบกวน ""ลบออกจากฟีตเพจตนเอง"" ก่อนที่ทางเราจะดำเนินแจ้งความกรณีละเมิดลิขสิทธิ์ทั้งสื่อภาพนิ่งและเคลื่อนไหวทั้งนี้ นางสาว Alisa Phonaem ได้รับผลกระทบจากคอมเม้นของเพจที่นำไปสร้างแคปชั่นในทางที่ผิดจุดประสงค์ส่วนสื่อที่ทางเพจคัพอีออกไป เป็นการถ่ายแบบ และ ไลน์สดช่วงพักเบรคเป็นกิจวัตรอยู่แล้ว ทั้งนี้ทางเพจแจ้งไปยังช่างภาพและนางแบบเรียบร้อยแล้วจึงเรียนมาให้ทราบขอบคุณครับปล ทางสถานที่เป็นสตูถ่ายรูปที่มีมุมฉากกาแฟ และทางเราใส่เซฟและกางเกงปกติจึงเป็นงานถ่ายแบบที่มิดชิดในระดับนึง------------------Boty #CupEAlisa Phonaem",645,4779,573
Tangkwa #CupE ... The hottest DayModel : Thanyarat RodpolThx : Sailing Yacht Thailand,248,12881,3524
AnnoyConcept : under whiteModel : Supakan ChancharernsukPhotographer : Sarat Sarawit#Model #Sexy #Cute #CupE,37,3971,209
FearConcept : Bad boy downModel : Thanyarat CharoenpornkittadaPhoto : Portrait by Turdthai.N#Model #Sexy #Cute #CupE,146,12065,1260
FernConcept.  MikoModel : Sarunrat Baifern OngPhotographer : Tshaqgy Shaq#Model #Sexy #Cute #CupE,38,4616,257
Concept : red underwearModel : Jiraporn Ngamthuan Photographer : Sumeth Pongpetra#Model #Sexy #Cute #CupE,124,7597,465
Toon.... Shoot'em up!Model : Sirima Boonlamlert Pic : Jirathep Jaraskun Thx : Sexy Tactical,109,7687,1831
MikiConcept : Yacht I love uModel : Praiya SrikamolPhoto : @CupDThx : sailing yacht thailand#Model #Sexy #Cute #CupE,79,7544,510
JeabConcept : sexy on da floorModel : Nannapat SirichatrotPhotographer : Phakin Jirawarin#Model #Sexy #Cute #CupE,80,4743,300
TangkwaConcept : Sexy on YachtModel : Thanyarat RodpolPhotographer : Gee NikonPage : StudioG - MK IIThx : Sailing Yacht Thailand#Model #Sexy #Cute #CupE,81,5173,463
MorinConcept : Chinese girlModel : Morin Pamika WuthinanPhotographer : Ranshida Wuthinan#Model #Sexy #Cute #CupE,53,6008,292
ForfangConcept : Stay like thatModel : Nongnapat KhodeereePhotographer : Pu'gun Wiriyachok#Model #Sexy #Cute #CupE,83,6315,414
Aungya .... Papaya saladModel : Aungya Inticha Prasongkun#แม่ค้าร้านนี้สวย,231,8079,1279
MookConcept : ShineModel : Pichana YoosukPhotographer : Jinnatri ThanakrittaPage : ถ่ายเล่น จริง จริง#Model #Sexy #Cute #CupE,45,5002,276
PeaceConcept : sexy Chill Chill Model : อภิสรา อุดมมงคลPhotographer : Kittisak Keirtprawatngam#Model #Sexy #Cute #CupE,69,5347,399
Cat on da Yacht Model : Suchada PramoulkanThx : Sailing Yacht Thailand,145,8948,1601
KaimookConcept : Korean girl Model : Nilawan IamchuasawadPhotographer : Sornsawan ChamchaemPage : JZornPhotoholic#Model #Sexy #Cute #CupE,48,3259,342
YamConcept : AntiModel : Yam KonruechaIg : yamyam_24 Photographer : Thannawat Limjaroenchai#Model #Sexy #Cute #CupE,36,4966,236
Fai & IceConcept : FriendShipModel : @Piyada Fangkaewhttps://www.facebook.com/kawfaiioopz& Meduza ZohotPhotographer : Marut Utl#Model #Sexy #Cute #CupE,40,3778,257
TuktaConcept : My maidModel : พัชรี พิกุลทองPhotographer : Puntawat HanwattanakulPage : ร้านถ่ายรูปสไมล์ไทม์ดิจิตอล หาดใหญ่#Model #Sexy #Cute #CupE,30,3391,142
Ployly...SmileModel : Kanokporn Sopontaweesab,581,21290,4649
NiNewConcept : Good AfternoonModel : Ni NewPhotographer : Apinan Rattanarasee#Model #Sexy #Cute #CupE,35,3601,150
Ayreen #CupEModel : Pannachika Chaikawin Cr. Song โลกที่ไม่มีเธอ  The BroSis,206,12385,1888
Concept : Fast Work on YachtModel : Thanyarat Rodpol     Worawalunh LeelhasuwanSuchada PramoulkanPhotographer : Jay De   Thx : Sailing Yacht Thailand#Model #Sexy #Cute #CupE,56,7359,420
BammieConcept : Nice to meet uModel : Panutchakorn KeeratiPhotographer : Kritsana TaweesaksingAffiliation : Cutie,54,4620,311
FocusConcept : Focus on MEModel : Tussawan Focus AnumaneePhotographer : Amares Lerdsuwankij#Model #Sexy #Cute #CupE,54,7492,363
Concept : Sex[y] on Da BeachModel : Chonlada Patsatan Photo : #CupE #Model #Sexy #Cute #CupE,84,7514,577
Concept : White on da beachModel : Thunyawan VisespheatPhotographer : Aekkaluk Sangjamkrajang#Model #Sexy #Cute #CupE,88,7511,559
Fear FamilyModel : Thanyarat Charoenpornkittada,49,3986,533
JEABConcept : LONELY DAYModel : Nannapat SirichatrotPhotographer : Phakin Jirawarin#Model #Sexy #Cute #CupE,87,6114,247
GracelynConcept : Just YouModel : Gracelynly JiradechworachotPhotographer : Gee NikonPage : StudioG - MK II#Model #Sexy #Cute #CupE,71,5839,458
Ampare.... let’s DanceModel : Anchalee Wangwan,235,13423,1881
KaimookConcept : warm .... whiteModel : Nilawan IamchuasawadPhotographer : Parnupong Thainpattanakul#Model #Sexy #Cute #CupE,126,9802,893
SoiConcept : Good AfternoonModel : Chutimon JindaPhotographer : Puttiwatt Puttharitt#Model #Sexy #Cute #CupE,34,3369,181
Kimkhae #CupE ... Shake it UpModel : Khimkae Surasen,347,15545,2130
FearConcept : PinkModel : Thanyarat CharoenpornkittadaPhotographer : Portrait by Turdthai.N#Model #Sexy #Cute #CupE,89,6320,931
PugunConcept : RedModel : Yanavee BenjapongPhotographer : B'ing Gose YamamotoPage : Liberally#Model #Sexy #Cute #CupE,46,4336,336
DonutConcept : sweet dreamModel : Tantita TaechanattanirachaPhotogapher : กบ จัง#Model #Sexy #Cute #CupE,34,3167,114
Boty Alisa Phonaem,208,8819,748
Concept : sex a  puremodel : Worawalunh LeelhasuwanPhotographer : Pol Boonyapapat#Model #Sexy #Cute #CupE,49,5019,328
Phi .... afternoonModel : Phikathida WhachiraputtakunPhoto : CkkStudio2014,120,7163,913
จบไปแล้วกับกิจกรรมดีๆ ของ Sailing Yacht Thailand ร่วมกับเพจ Cup E  หาช่างภาพ 5 CupE แรกของปี 2018 ร่วมเดินทางขึ้นเรือยอร์ชไปกับ 2 นางแบบคัพอี ที่พัทยา วันที่ 27/2/18 กับสองนางแบบ น้องแตงกวา Thanyarat Rodpolและ น้องแคท สุดซอย Suchada Pramoulkanในคอนเซป วันพีช บิกินนี่สุดแซปผลลำดับผู้ชนะ 5 ลำดับ1. MookConcept : Pure Model : Pichana YoosukPhotographer : Gee NikonPage : StudioG - MK II -------------------------------https://www.facebook.com/pg/cupemag/photos/?tab=album&album_id=1514355565336536-------------------------------2. PangrumConcept : ColorFul DayModel : Worawalunh LeelhasuwanPhotographer : Pol Boonyapapat-------------------------------https://www.facebook.com/pg/cupemag/photos/?tab=album&album_id=1513365338768892-------------------------------3. PimployConcept : FreshModel : Pimploy ChitranapawongPhotographer : Tor Pariyes-------------------------------https://www.facebook.com/pg/cupemag/photos/?tab=album&album_id=1530353843736708-------------------------------4.HayConcept : Top BikiModel : ชมภูนุช เซฮาย เขียวชอุ่มPhotographer : Jirathep JaraskunPage : Girls On Top & BaBy Shutter-------------------------------https://www.facebook.com/pg/cupemag/photos/?tab=album&album_id=1527496984022394-------------------------------5.MudMeeConcept : Sexy Lady Model : Wisa SaelekPhotography : Jay DePage : TEJAY Photography-------------------------------https://www.facebook.com/pg/cupemag/photos/?tab=album&album_id=1515364095235683-------------------------------แล้วพบกับกิจกรรมดีๆกับทางเพจในเดือนต่อๆไปนะครับ ขอบคุณครับหมายเหตุ สำหรับผู้ชนะทางทีมงานจะติดต่อไปในอินบอคครับ #Model #Sexy #Cute #CupE#ประกวดภาพถ่าย #SailingYachTthailand,4,678,32
Concept : Be RedModel : Pichana YoosukPhotographer : Jirathep Jaraskun#CupE #Model #Cute,120,7832,592
Cherbell .... Uncover Model : Nattharika CherbellVideo : CherbellPhoto : Aekkaluk Sangjamkrajang,409,9126,1814
Nath Concept : Slightly sexy Model : CherNath ChayanantPhotographer : New Saetang & Kansucha BN#Model #Sexy #Cute #CupE,90,8046,576
Concept : Art of LightModel : Nannaphat RodvinijPhotographer : Apinan Rattanarasee#Model #Sexy #Cute #CupE,0,356,23
Pang #CupEModel : อุษณีย์ แป้ง เสือโรจน์,78,5295,752
AnnConcept : Step ForwardModel : Ann NyPhotographer : Kritsana TaweesaksingAffiliation : Cutie#Model #Sexy #Cute #CupE,106,5716,281
Repost***,7,614,396
DesignConcept : TrendyModel : Piyaporn MohmuangPhotographer : Nattapon Film Phonchua#Model #Sexy #Cute #CupE,64,5788,190
Sleepday攼㹤愼㸰戼㹤攼㹤戼㸲愼㸴  with Miki #CupEModel : Praiya Srikamol,4,489,751
EyeConcept : Stand by meModel : Waraporn ThongthipPhotographer : Komkrit Charoen#Model #Sexy #Cute #CupE,71,5923,389
FernConcept : Morning GirlModel : Chalalai SueksongkrammPhotographer : B'ing Gose Yamamotomoto#Model #Sexy #Cute #CupE,80,6015,456
CherryConcept : Swimming poolModel : Ladapa RatchataamonchotPhotographer : Kitipoom Beer SuwanteepPage : B13 Photo Album#Model #Sexy #Cute #CupE #ประกวดภาพถ่าย #SailingYachTthailand,89,6964,491
MindConcept : Sexy nightModel : Surutsawadee Mind PhuengwongthongPhotographer : Karn Phumijitamon#Model #Sexy #Cute #CupE #ประกวดภาพถ่าย #SailingYachTthailand,111,5861,602
LookNamConcept : 1piece Model : Pornsawan PetsamrithPhotographer : Jinnatri ThanakrittaPage : ถ่ายเล่น จริง จริง#Model #Sexy #Cute #CupE #ประกวดภาพถ่าย #SailingYachTthailand,40,4183,320
Ayreen #CupE,508,4485,220
ManowConcept : On my bedModel : Bunnada Na RanongPhotographer : Thotsapon ChottitapornPage : https://m.facebook.com/THOTPhoto/#Model #Sexy #Cute #CupE #ประกวดภาพถ่าย #SailingYachTthailand,76,5086,410
Rose #CupE .... Hot DayModel : Tipsuda Sombatrak,1535,20569,9017
MookiConcept : Red SpiritModel : Tidapoorn NgiamfakPhotographer : Tara Saetang#Model #Sexy #Cute #CupE #ประกวดภาพถ่าย #SailingYachTthailand,86,4319,431
Concept : Black in glassesModel : พัชรี พิกุลทองPhotographer : Puntawat HanwattanakulPage : @ร้านถ่ายรูปสไมล์ไทม์ดิจิตอล หาดใหญ่,43,3405,167
KaimookConcept : Feel GoodModel : Nilawan IamchuasawadPhotographer : Teerasak Mitreekantong#Model #Sexy #Cute #CupE #ประกวดภาพถ่าย #SailingYachTthailand,79,5344,568
LookgadeConcept : BeautyModel : Chadaporn Lookgade Rungsanpreecha Photographer : @Andy Page : Bangkok.Jasmin #Model #Sexy #Cute #CupE #ประกวดภาพถ่าย #SailingYachTthailand,64,5347,298
PuPae Model : พิชาภรณ์ คณาธนะทรัพย์Pics & Video : CkkStudio2014,92,5674,905
MigaelConcept : Sleepy SlowlifeModel : Migael KevaleePhotographer : Chanrit Portraitman Angkaprasatchai#Model #Sexy #Cute #CupE #ประกวดภาพถ่าย #SailingYachTthailand,28,2839,142
MintConcept : Sexy AfternoonModel : Suwanan ChinthaisongPhotographer : Worawit Chaipidet#Model #Sexy #Cute #CupE #ประกวดภาพถ่าย #SailingYachTthailand,38,3189,227
Khimkae #CupEModel : Khimkae Surasen_____________________M Secretสนับสนุนให้ชายไทยดื่มนมLine : @msecret,571,13415,3121
PimployConcept : FreshModel : Pimploy ChitranapawongPhotographer : Tor Pariyes#Model #Sexy #Cute #CupE #ประกวดภาพถ่าย #SailingYachTthailand,148,12785,714
FonConcept : Morning girlModel : Wipawee GamprasertsukPhotographer :  Batt Suwannachot#Model #Sexy #Cute #CupE #ประกวดภาพถ่าย #SailingYachTthailand,63,4917,332
CattConcept : Hey Madam Model : Suchada PramoulkanPhotographer : Suvapich ThaothampitakPage : Richyphoto#Model #Sexy #Cute #CupE #ประกวดภาพถ่าย #SailingYachTthailand,55,4499,483
Pimmi #CupE ....   The CarrierModel : Pimchanok Towijarn,191,8825,1394
PaeConcept : My Maid Model : Pae SirapornPhotographer : Tara Saetang#Model #Sexy #Cute #CupE #ประกวดภาพถ่าย #SailingYachTthailand,87,5733,578
PangRumConcept : Learn By HeartModel : Worawalunh LeelhasuwanPhotographer : Aekkaluk Sangjamkrajang#Model #Sexy #Cute #CupE #ประกวดภาพถ่าย #SailingYachTthailand,89,7237,632
Kaimuk #CupE.. Lazy DayModel : Nilawan Iamchuasawad,518,17582,8066
MayConcept : let's seaModel : วัลยา นิวรณ์การณ์Photographer : วีระพงษ์ พุ่มวิเศษAffiliation : Cutie#Model #Sexy #Cute #CupE #ประกวดภาพถ่าย #SailingYachTthailand,65,5947,604
PlamConcept : Like A Dream…Model : Plamy Ziiz NumchaiwatthananPhotographer : Markkung StupidFoto#Model #Sexy #Cute #CupE #ประกวดภาพถ่าย #SailingYachTthailand,26,2781,192
Pang #CupE ZZzzModel : อุษณีย์ แป้ง เสือโรจน์#GN,31,5058,821
KataiConcept : SunSetModel : ธัญภัสร์ กระต่าย โฆษิตธนะโรจน์Photographer : Thotsapon ChottitapornPage : https://m.facebook.com/THOTPhoto/#Model #Sexy #Cute #CupE #ประกวดภาพถ่าย #SailingYachTthailand,41,3523,173
PangFhun Model : Panrada DokpikulVideo & Pics : CkkStudio2014,309,12030,2273
JaConcept : Lazy DayModel : Jarunan TavepanyaPhotographer : Pongpat Monthiralai#Model #Sexy #Cute #CupE #ประกวดภาพถ่าย #SailingYachTthailand,50,4052,309
ไม่รู้จะทำไรมานั้งคุยกันน้ะฮับ ...แป้งฮับบ!!,309,2218,66
Ployly #CupEModel :  Kanokporn SopontaweesabThx : Sailing Yacht Thailand,1478,15498,21841
BBoeConcept : White….Model : Nasha WasuwantokPhotographer : Komkrit Charoen#Model #Sexy #Cute #CupE #ประกวดภาพถ่าย #SailingYachTthailand,84,5210,375
ManowConcept : Morning BokenModel : Bunnada Na RanongPhotographer : วีระพงษ์ พุ่มวิเศษAffiliation : Cutie#Model #Sexy #Cute #CupE #ประกวดภาพถ่าย #SailingYachTthailand,39,2871,181
FangConcept : SolfModel : Nongnapat KhodeereePhotographer : Kanpaisith Kan#Model #Sexy #Cute #CupE #ประกวดภาพถ่าย #SailingYachTthailand,35,4502,227
นางเอก MV  หน้าคุ้นๆ Thanyarat Charoenpornkittadaแค่เธอเท่านั้น - No One Else [Official MV]https://youtu.be/75dK6HfybIo,7,1352,39
LookChin .... Pink PainterModel : Phitchayamon Longthong#ทาสี,1262,14507,8674
PuiConcept : Angel on the beachModel : Pantipa ArunwattanachaiPhoto : Portrait by Turdthai.N#Model #Sexy #Cute #CupE #ประกวดภาพถ่าย #SailingYachTthailand,39,3689,216
HayConcept : Top BikiModel : ชมภูนุช เขียวชอุ่มPhotographer : Jirathep JaraskunPage : Girls On Top & BaBy Shutter#Model #Sexy #Cute #CupE #ประกวดภาพถ่าย #SailingYachTthailand,182,11015,1582
BammieConcept : Yellow ModayModel : Panutchakorn KeeratiPhotographer : Oat Nattawut Jongutsah#Model #Sexy #Cute #CupE #ประกวดภาพถ่าย #SailingYachTthailand,64,5357,438
JahConcept : Hello MondayModel : Jajah WantranaPhotographer : Pai Photograph#Model #Sexy #Cute #CupE #ประกวดภาพถ่าย #SailingYachTthailand,83,6937,580
MayConcept : Ma DayModel : วัลยา นิวรณ์การณ์Photographer : LaPis LumnoiPage : The Angels #Model #Sexy #Cute #CupE #ประกวดภาพถ่าย #SailingYachTthailand,82,7112,454
Phi Model : Phikathida WhachiraputtakuniVideo & Pics : CkkStudio2014,57,6867,1018
Concept : Pig DayModel : Phikathida WhachiraputtakunPhotographer : มลลาภ น้อยหัวหาด#Model #Sexy #Cute #CupE #ประกวดภาพถ่าย #SailingYachTthailand,98,5951,497
Concept : Black DayModel : Wanwisa SriprathetPhotographer : Anawat Poohariwongsuk#Model #Sexy #Cute #CupE #ประกวดภาพถ่าย #SailingYachTthailand,16,2925,140
Concept : White DayModel : Pichana YoosukPhotographer : Pintro Taoyai#Model #Sexy #Cute #CupE #ประกวดภาพถ่าย #SailingYachTthailand,122,7263,1256
Act&FahConcept : Lady DayModel : Alyssa Kulrattanamaneeporn & Warangkana SuksodkheawPhotographer : Parnupong Thainpattanakul#Model #Sexy #Cute #CupE,39,3921,173
JeleConcept : Tattoo Sexy DayModel : Raviwan NapijaiPhotographer : Noss Za#Model #Sexy #Cute #CupE #ประกวดภาพถ่าย #SailingYachTthailand,35,3186,179
MuayConcept : OH Gosh!Model : สุกัญญา กออินPhotographer : Varodom PomcotPage : มีนมมั๊ย#Model #Sexy #Cute #CupE #ประกวดภาพถ่าย #SailingYachTthailand,126,8438,649
TikConcept : Chill DayModel : Kullapat SaenwangPhotographer : Chanrit Portraitman AngkaprasatchaiPlace : @Wisdom Grandiose Hotel #Model #Sexy #Cute #CupE #ประกวดภาพถ่าย #SailingYachTthailand,17,2325,83
Fon #CupEModel : Chonlada Patsatan,305,16372,4378
PoppiesConcept : What a Lovely DayModel : Poppies SiriwanPhotographer : ณัท ณัฐชานนท์#Model #Sexy #Cute #CupE #ประกวดภาพถ่าย #SailingYachTthailand,59,4611,245
Ampare .... morningModel : Anchalee Wangwan,82,6809,748
Concept : Mid Nite Qi paoModel : Siriporn PanmaiPjotographer : Koson Mio#Model #Sexy #Cute #CupE #ประกวดภาพถ่าย #SailingYachTthailand,41,3637,182
Concept : 万事如意 新年发财 Xin Jia Yu Yi Xin Ni Huad XaiModel : Kanpicha ChotiwachirapanPhotographer : วีระพงษ์ พุ่มวิเศษ Affiliation :  Cutie #HappyChineseNewYear#Model #Sexy #Cute #CupE #ประกวดภาพถ่าย #SailingYachTthailand,33,3957,218
Concept : 万事如意 新年发财 Xin Jia Yu Yi Xin Ni Huad Xai�Model : Ploynapas Tiengket�Photographer : Supachai Yukantabhornpong#HappyChineseNewYear�#Model #Sexy #Cute #CupE �#ประกวดภาพถ่าย #SailingYachTthailand,18,3247,177
KaeJungConcept : 万事如意 新年发财 Xin Jia Yu Yi Xin Ni Huad XaiModel : วิลาวัลย์ สุจันทร์ เก๋จุงPhotographer : B'ing Gose Yamamoto Page : Liberally#HappyChineseNewYear#Model #Sexy #Cute #CupE #ประกวดภาพถ่าย #SailingYachTthailand,61,4063,354
Mingfha #CupEModel : Mananya Benjachokanant,26,2914,173
JaConcept : 万事如意 新年发财 Xin Jia Yu Yi Xin Ni Huad XaiModel : Jarunan TavepanyaPhotographer : Munin Suwannapirom#HappyChineseNewYear#Model #Sexy #Cute #CupE #ประกวดภาพถ่าย #SailingYachTthailand,27,2493,124
KaiMukConcept : 万事如意 新年发财 Xin Jia Yu Yi Xin Ni Huad XaiModel : Nilawan IamchuasawadPhotographer : Gee NikonPage : StudioG - MK II#HappyChineseNewYear#Model #Sexy #Cute #CupE #ประกวดภาพถ่าย #SailingYachTthailand,178,10497,898
FearConcept : 万事如意 新年发财 Xin Jia Yu Yi Xin Ni Huad XaiModel : Thanyarat Charoenpornkittada Photographer : Parkpoom YeesoontesPage : Parkpoom Photography#HappyChineseNewYear#Model #Sexy #Cute #CupE #ประกวดภาพถ่าย #SailingYachTthailand,106,5519,949
LookKung #CupE ... Happy Chinese DayModel : Gachamas Wongsawattanakul,27,3190,188
JaneConcept : 万事如意 新年发财 Xin Jia Yu Yi Xin Ni Huad XaiModel : Nanthanit SamanprathanPhotographer : Pisit Klinsukon#HappyChineseNewYear#Model #Sexy #Cute #CupE #ประกวดภาพถ่าย #SailingYachTthailand,22,3089,124
MookConcept : 万事如意 新年发财 Xin Jia Yu Yi Xin Ni Huad XaiModel : Pichana YoosukPhotographer : Phairat Noon#Model #Sexy #Cute #CupE #ประกวดภาพถ่าย #SailingYachTthailand,73,6193,516
AnnyConcept : 万事如意 新年发财 Xin Jia Yu Yi Xin Ni Huad XaiModel : Anny JenjindamaiPhotographer : Saroj Hattasuwan#Model #Sexy #Cute #CupE #ประกวดภาพถ่าย #SailingYachTthailand,23,2347,110
Kaimook #CupEModel : Nilawan Iamchuasawad万事如意 新年发财 Xin Jia Yu Yi Xin Ni Huad Xai,102,8069,700
MayConcept : 万事如意 新年发财 Xin Jia Yu Yi Xin Ni Huad XaiModel : วัลยา นิวรณ์การณ์Photographer : วีระพงษ์ พุ่มวิเศษAffiliation : Society#HappyChineseNewYear#Model #Sexy #Cute #CupE #ประกวดภาพถ่าย #SailingYachTthailand,27,3334,230
FeemConcept : 万事如意 新年发财 Xin Jia Yu Yi Xin Ni Huad XaiModel : Theejutha Romsakul IG : feemmVideo & Pics : Komkrit Charoen,87,6143,553
FernConcept : 万事如意 新年发财 Xin Jia Yu Yi Xin Ni Huad XaiModel : Prangwilai HongthongPhotographer : Thanravee KhamthuenPage : I AM JAMEs#Model #Sexy #Cute #CupE #ประกวดภาพถ่าย #SailingYachTthailand,19,2432,111
Concept : Love is Open-MindedModel : Siriporn PanmaiPhotographer : Koson Mio#HappyVelentineDay #Love #Emotion#Model #Sexy #Cute #CupE #ประกวดภาพถ่าย #SailingYachTthailand,143,8004,552
concept : Love is Safe [Be Safe]Model : Earn WipaweePhoto : Pakorn ThanapornPage : Fotoew.#HappyVelentineDay #Love #Emotion#Model #Sexy #Cute #CupE #ประกวดภาพถ่าย #SailingYachTthailand,67,4581,369
Parn Concept : Love is Sexy LightModel : Sarinpat NuklertpunPhotographer : Champ Avirut #HappyVelentineDay #Love #Emotion#Model #Sexy #Cute #CupE #ประกวดภาพถ่าย #SailingYachTthailand,32,1872,88
Concept : Love is Bad Model : Millmii Babymarvel MheepoohPhoto: Petchy Saosri#HappyVelentineDay #Love #Emotion#Model #Sexy #Cute #CupE #ประกวดภาพถ่าย #SailingYachTthailand,36,3517,190
KaewConcept : Love is BlueModel : Ploypilin RattanasatianPhotographer : Batt Suwannachot#Model #Sexy #Cute #CupE #ประกวดภาพถ่าย #SailingYachTthailand,100,5829,597
Concept : Love is all around Model : ภัทรฤทัย ธนันบวรกิจPhotogapher : Puay Lim#HappyVelentineDay #Love #Emotion#Model #Sexy #Cute #CupE #ประกวดภาพถ่าย #SailingYachTthailand,37,4073,172
SomhoConcept : Love is RoseModel : Nitay SonkaewPhotographer : Aekkaluk Sangjamkrajang#Model #Sexy #Cute #CupE #ประกวดภาพถ่าย #SailingYachTthailand,31,2859,262
FearConcept : Love is SweetModel : Thanyarat CharoenpornkittadaPhotographer : Pentorz Pranpravit#HappyVelentineDay #Love #Emotion#Model #Sexy #Cute #CupE #ประกวดภาพถ่าย #SailingYachTthailand,54,4800,524
JuneConcept : love is poisonModel : Juneju Anong LaopattananonPhotographer : Thitipong Sophasamrith#HappyVelentineDay #Love #Emotion#Model #Sexy #Cute #CupE #ประกวดภาพถ่าย #SailingYachTthailand,46,3857,369
WinampConcept : I'm win ampModel : Jiraporn NgamthuanPhotographer : Thotsapon ChottitapornPage : https://m.facebook.com/THOTPhoto/#Model #Sexy #Cute #CupE #ประกวดภาพถ่าย #SailingYachTthailand,51,5408,327
"#MAKEITLIVE ตรุษจีนทั้งทีจะขาดสิ่งเหล่านี้ได้ยังไง!! CPNLife x Cup E ชวนมาหามุมเซลฟี่พร้อมจับจ่าย-ไหว้-กิน-เที่ยว ที่ศูนย์การค้าเซ็นทรัล #ความตรุษจีน เวียนมาบรรจบเรียกได้ว่าถ้าใครมาที่ศูนย์การค้าเซ็นทรัลทั้ง 32 สาขาทั่วประเทศพูดได้คำเดียวว่าตอบโจทย์ครบทุกอย่างทั้งจับจ่ายของมงคล , ไหว้ขอพรจากเทพเจ้า , กินอาหารเสริมความเฮง และเที่ยวในดินแดนแห่งสรวงสวรรค์ แน่นอนว่าก่อนจะมาเราก็ต้องมาดู Teaser เรียกน้ำย่อยเพื่อเตรียมความพร้อมกันสักหน่อย วันนี้เลยขอจัด 3 สาวแห่งเพจ Cup E มาแนะนำจุดสวยๆที่ถ่ายออกมาแล้วดูดีมากๆให้ได้ชมกัน ใครอยากได้รูปและสัมผัสบรรยากาศแบบนี้ก็อย่าลืมแวะมานะจ๊ะ แล้วอย่าลืมเอารูปมาเม้นท์ใต้ภาพด้วยนะ #CPNLIFE #CPNLIVEMAKER #CPNLifexCupE #ChineseNewYear2018 #TheGreatChineseNewYear2018 #TheBlessedKingdomModel : Atita WittayakajohndetGachamas WongsawattanakulMananya Benjachokanant",17,2191,285
Concept : White Innosense  Model : Wanthiya Plaifonn Photographer : ณัท ณัฐชานนท์#Model #Sexy #Cute #CupE #ประกวดภาพถ่าย #SailingYachTthailand,47,4621,301
NA,51,3076,212
BitongConcept : Black CuteModel : Biitongkiku StorylinePhotographer : Worawit Chaipidet#Model #Sexy #Cute #CupE #ประกวดภาพถ่าย #SailingYachTthailand,83,6177,418
KaimookConcept : YellowModel : Nilawan IamchuasawadPhotographer : Miniz TrisiripobPage : Mini.Gallery#Model #Sexy #Cute #CupE #ประกวดภาพถ่าย #SailingYachTthailand,90,5897,415
TingNongNoiConcept : Concentrated MilkModel : พนิดา ทวีลาภPhotographer : Alongkorn Kanjanasirirat#Model #Sexy #Cute #CupE #ประกวดภาพถ่าย #SailingYachTthailand,98,7199,521
Boty ... Dangerous NurseModel : Alisa Phonaem,58,3636,255
KookKikConcept : Sport on BeachModel : Punyawe MahasirithanawongPhotographer : สัณหณัฐ กิจรอบคอบPage : มีนมมั๊ย#Model #Sexy #Cute #CupE#ประกวดภาพถ่าย #SailingYachTthailand,48,4706,255
MeawModel : Patcharida Nortaw,503,9556,1880
AorConcept : Love is all around. . . Model : Nuttanitcha ChotsirimeteekulPhotographer: Nontakorn ChummuangLocation : CLOUD9 Casual Rooftop Bar #FilmJida #Fuji400H #Portrait#Model #Sexy #Cute #CupE #ประกวดภาพถ่าย #SailingYachTthailand,19,2511,84
AnnaConcept : Once upon a time Model : AnnaPhotographer : Kasarp Techawongtham#Model #Sexy #Cute #CupE #ประกวดภาพถ่าย #SailingYachTthailand,29,3112,235
BananaConcept : Siam 2dayModel : Pimchanok ThumbovornPhotographer : Noss Za#Model #Sexy #Cute #CupE #ประกวดภาพถ่าย #SailingYachTthailand,13,2127,65
Ploy Concept : Look at me Model : Nanthikarn Porpoiiz Youjamnien Photographer : Amares Lerdsuwankij#Model #Sexy #Cute #CupE #ประกวดภาพถ่าย #SailingYachTthailand,32,3111,163
Concept : Nice WorkModel :  Pichana YoosukPhotographer : Noratep Sathansap#Model #Sexy #Cute #CupE #ประกวดภาพถ่าย #SailingYachTthailand,108,8145,918
Rose #CupEModel : Tipsuda Sombatrak,373,11897,1686
Concept : in GardenModel : Pichaya GetsiriPhotographer : วีระพงษ์ พุ่มวิเศษAffiliation : Society#Model #Sexy #Cute #CupE #ประกวดภาพถ่าย #SailingYachTthailand,68,6965,581
LookgadeConcept : BlueModel : Chadaporn Lookgade RungsanpreechaPhotographer : Sumeth Pongpetra#Model #Sexy #Cute #CupE #ประกวดภาพถ่าย #SailingYachTthailand,42,3512,258
IrineConcept : SUMMERModel : Irine PalanichayaPhotographer : Flook Chalermpong Chomputip#Model #Sexy #Cute #CupE #ประกวดภาพถ่าย #SailingYachTthailand,30,3414,188
CartoonConcept : WhiteModel: Sirima BoonlamlertPhotographer : Jirathep JaraskunPage : Girls On Top#Model #Sexy #Cute #CupE #ประกวดภาพถ่าย #SailingYachTthailand,37,4723,242
PloyConcept : Come Sexy Again Model : Arisa AuppasarnPhotographer : Sirawit Maneekul#Model #Sexy #Cute #CupE #ประกวดภาพถ่าย #SailingYachTthailand,39,4930,328
Nicky #CupEModel : Thunyawan Visespheat Cr song : ถอย - GLISS [cover] The BroSis,78,4373,488
Concept : FitNessModel : Ratsirin HarintapaiPhotographer : Parkpoom YeesoontesPage : Parkpoom Photography#Model #Sexy #Cute #CupE #ประกวดภาพถ่าย #SailingYachTthailand,66,4423,317
Ham... morning!!Model : Radarat Jitprasertngam,122,5223,705
LookgadeConcept : Raining Day Model : Chadaporn Lookgade RungsanpreechaPhotographer : Sumeth Pongpetra#Model #Sexy #Cute #CupE #ประกวดภาพถ่าย #SailingYachTthailand,25,3303,249
Mook Concept : AgainModel : Pichana YoosukPhotographer : Tor Pariyes#Model #Sexy #Cute #CupE #ประกวดภาพถ่าย #SailingYachTthailand,100,5539,593
Chomview & BifernConcept : Sweet FriendsModel : Chutipapar Arunmaneechote & Chom V'viEw Phakwalan SuwajoPhotographer : Wanchana Sawaddikarn#Model #Sexy #Cute #CupE #ประกวดภาพถ่าย #SailingYachTthailand,26,2802,165
FearConcept : Morning pinkyModel : Thanyarat CharoenpornkittadaPhotographer : Khun Parattakorn Page : KhunPhotograph#Model #Sexy #Cute #CupE #ประกวดภาพถ่าย #SailingYachTthailand,51,4273,599
KaanomConcept : FlowerModel : ภัทรฤทัย ธนันบวรกิจPhotographer : Puay Lim#Model #Sexy #Cute #CupE #ประกวดภาพถ่าย #SailingYachTthailand,45,4437,194
NamKangConcept : Good niteModel : Pattira SaisinPhotographer : Marut Utl#Model #Sexy #Cute #CupE #ประกวดภาพถ่าย #SailingYachTthailand,30,3197,151
MinnieConcept : Grey SexyModel : Poonyalak SiribunchachaiPhotographer : Batt Suwannachot,54,4757,413
ใครฆ่าหมมมูดำ,1156,5074,387
TangkwaConcept : Shades of pinkModel : Thanyarat RodpolPhotographer : Thiss Wat#Model #Sexy #Cute #CupE #ประกวดภาพถ่าย #SailingYachTthailand,86,6299,422
MookConcept : Clear SkinModel : Pichana YoosukPhotographer : Teerasak Mitreekantong#Model #Sexy #Cute #CupE #ประกวดภาพถ่าย #SailingYachTthailand,276,11437,1235
NutchaConcept : THANKFULModel : ณัฐชา เรืองสุขPhotographer : Gee NikonPage : StudioG - MK II#Model #Sexy #Cute #CupE #ประกวดภาพถ่าย #SailingYachTthailand,38,4102,215
JeleConcept : Tattoo girlModel : Raviwan NapijaiPhotographer : Varodom PomcotPage : มีนมมั๊ย#Model #Sexy #Cute #CupE #ประกวดภาพถ่าย #SailingYachTthailand,118,7195,722
MookConcept : ShyModel : Tanyaporn HeebkaewPhotographer : โปรโตซัว ตัวแสบ#Model #Sexy #Cute #CupE #ประกวดภาพถ่าย #SailingYachTthailand,44,5038,287
Meaw & Rose Model : Patcharida NortawTipsuda Sombatrak,64,3586,235
JaJahConcept : one Step CloserModel : Saranya YimkorPhotographer : มลลาภ น้อยหัวหาด#Model #Sexy #Cute #CupE #ประกวดภาพถ่าย #SailingYachTthailand,67,6167,430
Nadear #CupEModel : Chontichar Nadear———อาหารเสริมผู้ชาย M Secretใช้ก่อนภาระกิจ 20นาทีแข็ง ทน ถึงใจแน่นอนสนใจติดต่อ0867878788Line : @Msecrethttp://line.me/ti/p/%40msecretสามารถสั่งซื้อได้แล้ววันนี้ ที่ LAZADAhttp://www.lazada.co.th/m-secret-3-1-27669282.html…,129,7800,662
CatConcept : Black CatModel : Suchada PramoulkanPhotographer : Noratep Sathansap#Model #Sexy #Cute #CupE #ประกวดภาพถ่าย #SailingYachTthailand,55,4152,344
Concept : 1 pczModel : Pichana YoosukPhotographer : Jirathep Jaraskun Page: BaBy Shutter Girls On Top#Model #Sexy #Cute #CupE #ประกวดภาพถ่าย #SailingYachTthailand,168,8139,1216
MudMeeConcept : Sexy Lady Model : Wisa SaelekPhotography : Jay DePage : TEJAY Photography#Model #Sexy #Cute #CupE #ประกวดภาพถ่าย #SailingYachTthailand,126,9547,557
JeeConcept : Red socks Model : Pimmada PimPhotographer : Girls On Top#Model #Sexy #Cute #CupE #ประกวดภาพถ่าย #SailingYachTthailand,33,4089,240
CherBellConcept : lying on MeModel : Nattharika CherbellPhotographer : Aekkaluk Sangjamkrajang#Model #Sexy #Cute #CupE #ประกวดภาพถ่าย #SailingYachTthailand,60,4964,396
Minny #CupEPoonyalak Siribunchachai,573,2960,137
DonutConcept : Black & TattooModel : Pae SirapornPhotographer : Tara Saetang#Model #Sexy #Cute #CupE #ประกวดภาพถ่าย #SailingYachTthailand,57,5172,396
TukkataConcept : Red ValentineModel : Supawadee Tukkata JanfaPhotographer : Amares Lerdsuwankij#Model #Sexy #Cute #CupE #ประกวดภาพถ่าย #SailingYachTthailand,32,4774,256
GadeConcept : Goodnight SummerModel : @Noogate Paohttps://www.facebook.com/noogate.paoPhotographer : Champ Avirut#Model #Sexy #Cute #CupE #ประกวดภาพถ่าย #SailingYachTthailand,15,2443,74
MookConcept : Pure Model : Pichana YoosukPhotographer : Gee NikonPage : StudioG - MK II#Model #Sexy #Cute #CupE #ประกวดภาพถ่าย #SailingYachTthailand,655,27602,3141
AyaConcept : Sexy One pieceModel : Aya ArayaPhotographer : Nattawat Thanaponkeart#Model #Sexy #Cute #CupE #ประกวดภาพถ่าย #SailingYachTthailand,26,4061,234
Ployly #CupE on YachtModel : Kanokporn SopontaweesabThx  Sailing Yacht ThailandCr Song : คนละชั้น - Jaonaay [cover] The BroSis,731,18949,8660
CindyConcept : The BeachModel : โดรายากิ ฮารุกะจังPhotographer : Wanit Thomyakaew#Model #Sexy #Cute #CupE #ประกวดภาพถ่าย #SailingYachTthailand,60,4965,238
AmpareConcept : Green DayModel : Anchalee WangwanPhotographer : A #PubG#Model #Sexy #Cute #CupE #ประกวดภาพถ่าย #SailingYachTthailand,61,6004,235
PopCornConcept : Hot BeachModel : Yanisa KamjingPhotographer : Phromsan Poonsawat#Model #Sexy #Cute #CupE #ประกวดภาพถ่าย #SailingYachTthailand,71,6137,430
Concept : ColorFul DayModel : Worawalunh LeelhasuwanPhotographer : Pol Boonyapapat#Model #Sexy #Cute #CupE #ประกวดภาพถ่าย #SailingYachTthailand,185,12556,905
Concept : Sexy MaidModel : Pae Siraporn Photographer : Jirathep Jaraskun Page: Girls On Top#Model #Sexy #Cute #CupE,503,12159,2315
Concept : くまモンModel : ภัทรฤทัย ธนันบวรกิจPhotographer : Puay Lim#Model #Sexy #Cute #CupE #ประกวดภาพถ่าย #SailingYachTthailand,71,6245,364
Cherry Model : Kamonwan SangchomPhoto : Chang ce26,132,9654,799
Concept : Morning lightModel : Tiptada TohPhoto : #CupE#Model #Sexy #Cute #CupE,32,2898,151
KanomwhanConcept : Black LadyModel : Natchanan SaenatanasakPhotographer : วีระพงษ์ พุ่มวิเศษAffiliation : Society#Model #Sexy #Cute #CupE #ประกวดภาพถ่าย #SailingYachTthailand,75,5982,403
Be Tiger... Dangerous Model : Saranya Yimkor,81,3030,173
Concept : Sexy MaidModel : Pae Siraporn Photographer : Jirathep Jaraskun Page: Girls On Top#Model #Sexy #Cute #CupE #ประกวดภาพถ่าย #SailingYachTthailand,93,6591,643
Concept : Sexy CultureModel : Yiing's PassaraPhotographer : B'ing Gose YamamotoPage : Liberally#Model #Sexy #Cute #CupE #ประกวดภาพถ่าย #SailingYachTthailand,141,8148,686
Koko #CupE on Yacht Model : Koko RosjaresThx : Sailing Yacht Thailand,733,15102,2926
Gracelynly Concept : AGAINModel : Gracelynly JiradechworachotPhotographer : Gee NikonPage : StudioG - MK II#Model #Sexy #Cute #CupE #ประกวดภาพถ่าย #SailingYachTthailand,57,4771,310
JeeConcept : Red socksModel : Pimmada PimPhotographer : Girls On Top#Model #Sexy #Cute #CupE #ประกวดภาพถ่าย #SailingYachTthailand,46,4823,277
Concept : Sex[y] on the beach Model : ชลกร ดวงพลอย เมย์Photographer : Chanrit Portraitman Angkaprasatchai#Model #Sexy #Cute #CupE #ประกวดภาพถ่าย #SailingYachTthailand,25,4224,215
PopeyeConcept : last lightModel : Jiraporn Uan-onPhotographer : Nitirakz DuanghaklungPage : อะ - เกิน#Model #Sexy #Cute #CupE,45,5073,315
Sugas Model : Kornrachaphat Sugas Jabjai Photo : Cup D,161,11900,1182
NanConcept : Lovely yellowModel : Sudthida SritaweekulPhotographer : Gunchai Pladta#Model #Sexy #Cute #CupE,122,9524,770
Chompoo #CupEModel : Chonchaya Wangphong,305,16464,1932
กิจกรรม  Top 5 CupE แรกของปี 2018 ร่วมเดินทางขึ้นเรือยอร์ชไปกับ 2 นางแบบคัพอี ที่พัทยา วันที่ 27/2/18  ขอกราบเรียนเชิญช่างภาพร่วมส่งรูปประกวดภาพพรอตเทรตสาวเซ็กซี่ ชอบกดไลค์ ใช่กดแชร์ตั้งแต่วันนี้ ถึง 23/2/2018 ประกาศผล คืนวันที่ 24/2/2018สำหรับผู้ที่ชนะการประกวด คนกดไลค์สูงสุดในเซ็ตนั้น 5 อันดันทาง Cup E และ Sailing Yacht Thailand ขอเชิญขึ้นเรือยอร์ชสุดหรู 40 ที่นั้ง ไปกับทางทีมคัพอี ฟรีค่าใช้จ่ายทั้งหมดบนเรือครับกติกาการประกวด1. รูปที่นำมาเข้าร่วมประกวดกิจกรรม ต้องเป็นผลงานของช่างภาพเองและควรได้รับการยินยอมจากนางแบบแล้ว2. ช่างภาพหรือนางแบบสามารถส่งได้ไม่จำกัดเซ็ต [ขอให้เป็นรูปถ่ายจากกล้องถ่ายรูป]3. รูปที่ส่งเข้ามาจะถูกทางแอดมินเพจทำการกรองก่อนทำการโพสลง4. รูปเซ็ตที่เข้าแข่งขัน จะมี #ประกวดภาพถ่าย #SailingYachTthailand อยู่ใต้สุดของแคปชั่นเซ็ตนั้นๆ5. เซ็ตที่มียอดไลค์สูงสุด 5 อันดับแ รกจะเป็นผู้ชนะการแข่งขัน และได้รับเชิญขึ้นเรือยอร์ช ไปกับ 2 สาวคัพอี คนละ 1 ที่นั่ง วันที่ 27/2/18 6. รางวัลไ่ม่สามารถเปลี่ยนเป็นเงินหรือถ่ายโอนให้บุคคลอื่นได้  ช่างภาพที่ได้รับรางวัล ถ้าไม่สะดวกเดินทางมาร่วม ขอใช้สิทธิ์ให้คนอันดับต่อไปขึ้นรับรางวัลแทน7. รูปนางแบบและช่างภาพที่ซ้ำกับเซตอื่น ถ้าเซตใดเซตหนึ่งได้ติดอันดับ เซตอื่นจะถูกปัดไม่ติดอันดับนะครับ การร่วมประกวด1. รูปถ่ายเป็นเซ็ต 8 ใบ ขึ้นไป [แนะนำ 8-15ใบ]2. รูปแต่ละใบขนาด 1-2m3. อัพทาง Dropbox หรือ Google Driveแล้วส่งลิ้งมาทางinboxเพจ Cup E ที่ http://m.me/cupemagหรือ Direct inbox ที่ https://www.facebook.com/IgolfferSignatureเวลาการแข่งขัน ตั้งแต่วันนี้ ถึง 23/2/18*ผู้ที่ไม่ประสงค์ร่วมการแข่งขันยังส่งรูปมาทางเพจได้เหมือนเดิมครับ แค่งดสิทธิ์การร่วมกิจกรรม ไม่มี # ในแคปขั่นครับ#CupE--------------------------------ขอขอบคุณ Sailing Yacht Thailand สนใจสอบถามรายละเอียดเกี่ยวกับการใช้บริการเรือได้ที่ Line : @yacht-thailand     หรือกด add จากมือถือได้ที่ www.yacht-thailand.com/LineOfficial,62,2711,93
MintConcept : Just YouModel : Baramita SakornchanPhotographer : Gee NikonPage : StudioG - MK II#Model #Sexy #Cute #CupE,122,8264,445
SiaAiwConcept : Sexy FurModel : Chadaporn ChaithepPhotographer : วีระพงษ์ พุ่มวิเศษPage : Society#Model #Sexy #Cute #CupE,89,5584,324
Koisuru Fortune Cookie คุกกี้เสี่ยงทาย / BNK48 cover by Fon  Model : Chonlada PatsatanVideo : Pramecomix Intapong,518,12266,1660
MayConcept : Black One PieceModel : วัลยา นิวรณ์การณ์Photographer : Tong Nitiwat IndiesPage : Society#Model #Sexy #Cute #CupE,81,6413,469
PangRumConcept : BrideModel : Worawalunh LeelhasuwanPhotographer : Teerasak Mitreekantong#Model #Sexy #Cute #CupE,41,3688,209
FearConcept : PinkModel : Thanyarat CharoenpornkittadaPhotographer : Pentorz Pranpravit#Model #Sexy #Cute #CupE,103,6105,814
BuaConcept : The ForestModel : Bua RuechaPhotographer : Jetsada Chapakdee#Model #Sexy #Cute #CupE,47,4318,272
GraceModel : น้องเกรซ การบินVideo & Pics : CkkStudio2014,1125,16975,15023
EyeSriConcept : I'm eyesriModel : Pakgapath KomonsriPhotograper : Thotsapon ChottitapornPage : https://m.facebook.com/THOTPhoto/#Model #Sexy #Cute #CupE,44,4329,233
Nicky #CupEModel : Thunyawan VisespheatVideo : Full Swing,131,3880,449
MuayConcept : Black BikiniModel : Nithipron RithkrajaiPhotographer : Munin Suwannapirom#Model #Sexy #Cute #CupE,37,3250,204
KaimukConcept : Charming GalModel : Nilawan IamchuasawadPhotographer : Miniz TrisiripobPage : Mini.Gallery#Model #Sexy #Cute #CupE,92,5188,633
MookConcept : Pink BraModel : Pichana YoosukPhotographer : Jirathep JaraskunPage : BaBy Shutter Girls On Top#Model #Sexy #Cute #CupE,102,7704,977
WawaConcept : Morning Girl  Model : Teerarat SittisaksomjaiPhotographer : สิทธิชัย ศิริโวหาร#Model #Sexy #Cute #CupE,60,4626,245
MookiConcept : Angel in PurpleModel : Tanyaporn HeebkaewPhotographer : โปรโตซัว ตัวแสบ#AGY#Model #Sexy #Cute #CupE,72,5729,388
Nicky #CupEThunyawan Visespheat,656,3627,348
MinnyConcept : Full BikiModel : Poonyalak SiribunchachaiPhotographer : Aekkaluk Sangjamkrajang#Model #Sexy #Cute #CupE,143,9220,733
FonConcept : Pink Raining Model : Chonlada PatsatanPhotographer : Kritsana TaweesaksingAffiliation : Society#Model #Sexy #Cute #CupE,57,6524,424
FernConcept : Morning musume Model : Sarunrat Baifern Ong Photographer : Tshaqgy Shaq#Model #Sexy #Cute #CupE,41,4880,259
ManowConcept : The Make-Up ArtistModel : ปุณรภา บุญเรืองPhotographer : Marut Utl#Model #Sexy #Cute #CupE,14,2791,85
Jiw.... #CupE #600ccModel : ภัทรญา ชญากรนันทน์Video : Full Swing,114,3872,461
PloyConcept : Clean Model : Pareploy PhatladaPhotographer : มลลาภ น้อยหัวหาดModel #Sexy #Cute #CupE,66,5424,274
KieConcept : Have A Nice DayModel : Jarinporn BoonritPhotographer : #unknown#Model #Sexy #Cute #CupE,30,2571,103
Fon #CupE .... After PartyModel : Chonlada Patsatan,226,6914,1046
MayConcept : swimmning poolModel : วัลยา นิวรณ์การณ์Photographer : Pattanasan Muengwilai#Model #Sexy #Cute #CupE,39,3684,176
AnnoyConcept : Morning mondayModel : Supakan ChancharernsukPhotographer : Aekkarach Nick Phattarapapangkorn#Model #Sexy #Cute #CupE,19,2481,86
Nanny Concept : Sweet WetModel : Dusita NinketPhotographer : Richyphoto#Model #Sexy #Cute #CupE,11,2605,128
Concept : Only UModel : Pichana YoosukPhotographer : Phairat Noon#Model #Sexy #Cute #CupE,192,12263,986
Model : Aftter SunLightModel : CherNath Chayanant Photographer : Kamin Nueng#Model #Sexy #Cute #CupE,31,4257,175
Concept : Who are You?Model : @Thanapat PhuengbunphaPhotographer : Chanrit Portraitman Angkaprasatchai#Model #Sexy #Cute #CupE,30,3919,155
BowConcept : Enchanted Model : Pornthip UnchaiPhotographer : Aon Chatkeawtosaporn#Model #Sexy #Cute #CupE,48,3750,269
SininConcept : White shirtModel : Chatrawee SukmongkonchaiPhotographer : Thotsapon ChottitapornPage : https://m.facebook.com/THOTPhoto/#Model #Sexy #Cute #CupE,13,2579,94
CartoonConcept : in Da Filed Model : Sirima BoonlamlertPhotographer : Jirathep JaraskunPage : BaBy Shutter#Model #Sexy #Cute #CupE#Model #Sexy #Cute #CupE,29,4552,273
PangFunConcept : Afternoon forestModel : Panrada DokpikulPhoto : CkkStudio2014#Model #Sexy #Cute #CupE,84,6832,376
Jajah Model : Saranya YimkorLine : @msecret0867878788,106,6566,765
Concept : True SweetModel : Pimploy Chitranapawong &  Khaokhwan Krisanasopha Photo : Chang ce26#Model #Sexy #Cute #CupE,67,5726,415
GubGibConcept : Chill Chill LovelyModel : Rawiwan SomsaoPhotographer : Kittisak Keirtprawatngam#Model #Sexy #Cute #CupE,54,4443,298
Concept : Don’t wanna SleepModel : อรอุมา ศักดิ์มากPhotographer : Bird Pongfhep Chuenkamnerd#Model #Sexy #Cute #CupE,37,3959,174
LookPla #CupEModel : Supansa YoopraditVideo : Full Swing,55,2486,354
Concept : Double E - part1Model : Rossarin Klinhom & Earnpat BoonmeesupPhotographer : Parnupong Thainpattanakul#Model #Sexy #Cute #CupE,68,4260,255
KaiMookConcept : Love me pleaseModel : Nilawan IamchuasawadPhotographer : Gee NikonPage : StudioG - MK II#Model #Sexy #Cute #CupE,179,9273,738
Ployly #CupEModel : Kanokporn Sopontaweesab,373,12075,2924
FearConcept : Sweet & Sexy Like MeModel : Thanyarat CharoenpornkittadaPhotographer : Parkpoom YeesoontesPage : Parkpoom Photography#Model #Sexy #Cute #CupE,95,6818,1056
PuccConcept : PUCCAModel : Supada MeechaiPhotographer : Pattarapon Dhanachaisang#Model #Sexy #Cute #CupE,30,2637,138
DonutConcept : Sweet No BraModel : Tantita TaechanattanirachaPhotographer : Marut Utl#Model #Sexy #Cute #CupE,111,7575,451
PimConcept : Black SpecModel : Nachpatcharawee ArjsaleePhotographer : น้า เปรียว#Model #Sexy #Cute #CupE,33,3961,188
JaJah,110,5334,177
RoseConcept : PubGModel : Tipsuda SombatrakPhotographer : #unknownPlayer#Model #Sexy #Cute #CupE,18,2513,81
MookConcept : Dreaming….Model : Pichana YoosukPhoto : Chang ce26#Model #Sexy #Cute #CupE,113,7061,630
MayConcept : BrideModel : May SitaphaPhotographer : Tor Pariyes#Model #Sexy #Cute #CupE,34,3521,198
KwanConcept : Dirty Model : Pawarisa SurinPhoto & Lighting : Manawat WattanabordinLocation : @Jaidee Recyecle#Model #Sexy #Cute #CupE,1222,19036,7819
JaJahConcept : HandHeld Model : Saranya YimkorPhotographer : มลลาภ น้อยหัวหาด#Model #Sexy #Cute #CupE,97,7476,466
Muay #เสี่ยวหลาน #9ศาสตราModel : สุกัญญา กออินPhotographer : Nitipong J-r Foto Pattanapiromพวกเรา Cup E ขอเป็นอีกเเรงที่สนับสนุน ภาพยนตร์อนิเมชั่น 9 ศาสตรา นะครับ ใครยังไม่ได้ไปดู ลองไปดูครับ ของจริง! #เสี่ยวหลาน #cosplay #9ศาสตรา,81,5259,411
LookkaiConcept : G StealModel : Lookkai PenprapaPhotographer : Aekkaluk Sangjamkrajang#Model #Sexy #Cute #CupE,79,5641,285
Fon #CupEModel : Chonlada Patsatan,662,15264,3045
KwanConcept : Dirty Model : Pawarisa SurinPhoto & Lighting : Manawat WattanabordinLocation : @Jaidee Recyecle#Model #Sexy #Cute #CupE,1222,19036,7819
MintConcept : Artistmint on the beachModel : Nuttida WatcharrasottikunPhotographer : Annopk HousePage : anp.k#Model #Sexy #Cute #CupE,49,4745,256
BruConcept : Sexy CosplayModel : Paorin VpZopPhotographer : Marut Utl#Model #Sexy #Cute #CupE,30,2514,132
JeleConcept : I’m Jele Model : Raviwan NapijaiPhotographer : Thotsapon ChottitapornPage : https://m.facebook.com/THOTPhoto/#Model #Sexy #Cute #CupE,231,9534,757
Jiw #600cc & Earn #Original #CupEModel : ภัทรญา ชญากรนันทน์& Earnpat Boonmeesup#PorkBallStylist,300,8742,797
MayConcept : ColorfulModel :  วัลยา นิวรณ์การณ์Photographer : Pattanasan Muengwilai#Model #Sexy #Cute #CupE,89,6091,330
Fear #Fortune CookieModel : Thanyarat Charoenpornkittada,243,6523,992
MeawConcept : I Love teddy bearModel : Ma Minnie MeawPhotographer : Kittisak Keirtprawatngam#Model #Sexy #Cute #CupE,87,5864,349
AumConcept :  Water at 6Model : Oraya LormrotejanakulPhotographer : มลลาภ น้อยหัวหาด#Model #Sexy #Cute #CupE,63,5396,282
"แจกบัตรขึ้นเรือยอร์ช พัทยา10,000บาท 5 รางวัลSailing Yacht Thailand",2919,17341,1228
MuayConcept : WinterModel : Nithipron RithkrajaiPhotographer : Petchy Saosri#Model #Sexy #Cute #CupE,33,4067,176
KookKikConcept : Sexy MorningModel : กุ๊ก กลิ่นกลัดPhotographer : ปราโมทย์ แจ่มทับทิม#Model #Sexy #Cute #CupE,25,3248,126
PloyConcept : PRECIOUSModel : Ploy PreeyaphatPhotographer : Gee NikonPage : StudioG - MK II#Model #Sexy #Cute #CupE,57,5537,384
Ployly & BotyModel  : Kanokporn Sopontaweesab & Alisa Phonaem,655,4067,171
Sobee & Solfbo,145,1513,42
Ployly & Boty .... on da wayModel : Kanokporn Sopontaweesab & @alisa pbonaem,67,1209,27
miki & kokoKoko Rosjares,2233,6382,297
EveConcept : White afternoonModel : Pin On CyPhotographer : Ton LifefreedomPage : Ton Photolife Studio#Model #Sexy #Cute #CupE,40,3219,201
PaeConcept : Black TopLessModel : Shompoonoot PansaPhotographer : @CRF#Model #Sexy #Cute #CupE #IAmBlack,38,4112,168
Kaimook #CupEModel : Nilawan Iamchuasawad,77,6217,396
Concept : Black Hot & ColdModel : วัลยา นิวรณ์การณ์ฃPhotographer : วีระพงษ์ พุ่มวิเศษAffiliation : Society#Model #Sexy #Cute #CupE #IAmBlack,39,4255,216
Dear #CupE #PattananTrungjitrarat,348,3477,111
Concept : Black SuitModel : สโรชา แอร์ลี่ จำลองศักดิ์Photographer : Hakuna Matata#Model #Sexy #Cute #CupE #IAmBlack,69,5600,328
Feem Model : Theejutha RomsakulIG : feemmPhotograher : Komkrit Charoen,364,13721,2870
Concept : Black one pieceModel : Thanyarat RodpolPhotographer : Phairat Noon#Model #Sexy #Cute #CupE #IAmBlack,67,5220,404
PorConcept : Black Morning Model : Kunthika KaewprasertPhotographer : Jiraphat NajaiPage : TLING photographer#Model #Sexy #Cute #CupE #IAmBlack,43,3702,144
FahfyConcept : Top ModelModel : ปัญชลีย์ ณรงค์ชัยรัตน์Photographer : Kritsda Sahdeng#Model #Sexy #Cute #CupE,78,6142,473
Concept : Sexy Orange Model : Chonchaya WangphongPhotographer : Cup D #Model #Sexy #Cute #CupE,129,1e4,814
Earn #CupE Model : Earnpat BoonmeesupVedio : Full Swing,45,1902,82
Concept : Sexy White SkinModel : Aungaing WongnetPhotographer : B'ing Gose YamamotoPage : Liberally#Model #Sexy #Cute #CupE,45,4916,237
FearConcept : Pink CuttieModel : Thanyarat CharoenpornkittadaPhotographer : Sirawit Maneekul#Model #Sexy #Cute #CupE,114,7703,882
ManowConcept : CampingModel : Bunnada Na RanongPhotographer : Parnupong Thainpattanakul#Model #Sexy #Cute #CupE,34,4293,269
Concept : I'm AumboonModel : นฤมล สุขคลายPhotographer : Thotsapon ChottitapornPage : https://m.facebook.com/THOTPhoto/#Model #Sexy #Cute #CupE,92,7395,394
AumConcept : Love to eatModel : Napaporn AumPhotographer : Champ Avirut#Model #Sexy #Cute #CupE,46,3069,180
JeabConcept : Sexy 4pmModel : Nannapat SirichatrotPhotographer : Jirathep JaraskunPage : BaBy Shutter#Model #Sexy #Cute #CupE,65,5594,350
Miki #CupEModel : Praiya Srikamol,468,9791,1162
FeemConcept : Beach BlueModel : Theejutha RomsakulPhotographer : Komkrit Charoen#Model #Sexy #Cute #CupE,81,4460,306
MilkConcept: @BalconyModel : Rangsiya Milky ChanhomPhotographer : Tang MunprasertPage: @naphasphoto#Model #Sexy #Cute #CupE,27,2585,98
EyeConcept : White BraModel : Suparat KeawpuwatPhotographer : Batt Suwannachot#Model #Sexy #Cute #CupE,91,5354,342
LookNam #CupE Model : Pornsawan Petsamrith,159,8647,751
MuayConcept : The Glasses GirlModel : Nithipron RithkrajaiPhotographer : วีระพงษ์ พุ่มวิเศษAffiliation : Society#Model #Sexy #Cute #CupE,41,4443,284
BuaConcept : Pinky Slowly LifeModel : Bua SiengwongPhoto : Light in shadows#Model #Sexy #Cute #CupE,32,3502,186
JameConcept : Nice SlimModel : Jamesvida RosenahPhotographer : Varodom PomcotPage : มีนมมั๊ย#Model #Sexy #Cute #CupE,46,5089,296
KaimookConcept : Brightening.Model : Nilawan IamchuasawadPhotographer : Gee NikonPage : StudioG - MK II#Model #Sexy #Cute #CupE,239,11074,1107
ManowConcept : I'm manawModel : Manaw_JuthamasPhotographer : Thotsapon Chottitapornpage : https://m.facebook.com/THOTPhoto/#Model #Sexy #Cute #CupE,44,4801,234
NamMonConcept : GrassModel : Titipatwarada MeekhunPhotographer : Petchy Saosri#Miss #AGY #Model #Sexy #Cute #CupE,21,3271,149
Looknam & PloysaiModel : PornsawanPetsamrith Ploysai Gemstone,4488,15824,1276
NannySixzaxConcept : Feel So GoodModel : Dusita NinketPhotographer : Chawapon Pun NuamboonluePage : PNG#Model #Sexy #Cute #CupE,37,3487,263
Jiw #600cc #CupEModel : ภัทรญา ชญากรนันทน์Cr song : TomRoom39Guitar : Natty (เสือร้องไห้) recording&Master : Natty (เสือร้องไห้)\,1016,21479,2771
KikConcept : Swimming…PoolModel : @กิ้ก ทรัพเจริญhttps://www.facebook.com/profile.php?id=100023687310792Photographer : Jo Liberate#Model #Sexy #Cute #CupE,47,3787,191
CakeConcept : Charming GalModel : Sukunya ThammaPhotographer : Oat Nattawut Jongutsah#Model #Sexy #Cute #CupE,37,3902,216
Koko .... WhiteModel : Koko RosjaresPhotographer : Komkrit Charoen,375,13474,1388
Concept : Cosplay 9 ศาสตราModel : สุกัญญา กออินPhotographer : Nitipong J-r Foto PattanapiromPresent by #CupEเสี่ยวหลาน นางเอกหนังอนิเมชั่น 9 ศาสตรา.. เเรงบันดาลใจ ที่ทำให้เกิดเเฟชั่นเซทชุดนี้  #CupE จับมือกับจูเนียร์ ร่วมกัน ช่วยในสิ่งที่เราทำได้ ...หนังมันได้จริงๆ ติ่ง เสี่ยวหลาน #9ศาสตราไปดูกัน!!,104,5204,1113
BananaConcept : Nice SexyModel : Wipawan KetmaneewongPhotographer : Varodom PomcotPage : มีนมมั๊ย#Model #Sexy #Cute #CupE,147,10998,739
Jun VuConcept : Heart Shaker Model : Vũ Phương AnhPhotographer : Nitikorn Thongkram#Model #Sexy #Cute #CupE,41,4024,235
PunchConcept : A Short Hair Girl on Top BraModel : Noppakao YungkhieosodPhotographer : Pongsathon MakalukPage : Society#Model #Sexy #Cute #CupE,101,8250,567
AorConcept : banana leafModel : Prapaporn AorPhotographer : Aic Q NatchapolPage : Aic Q Photogrphy#Model #Sexy #Cute #CupE,82,4520,236
MookConcept : White GirlModel : Pichana YoosukPhotographer : Miniz TrisiripobPage : Mini.Gallery#Model #Sexy #Cute #CupE,102,8173,490
PartyConcept : Green DayModel : Phattarasaya SarnramPhotographer : Kritsana TaweesaksingPage : Society#Model #Sexy #Cute #CupE,93,7453,376
KaanomConcept : On SofarModel : ภัทรฤทัย ธนันบวรกิจPhotographer : Puay Lim#Model #Sexy #Cute #CupE,51,6047,325
Fon #CupE ... on the beachModel : Chonlada Patsatan,397,15539,2017
PimPloyConcept : AMoodOfLonelyModel : Pimploy ChitranapawongPhoto : Chang ce26#Model #Sexy #Cute #CupE,104,7465,1012
BoeConcept : Pink CoolerModel : Nasha WasuwantokIG : bbenashaPhotographer : Komkrit Charoen#Model #Sexy #Cute #CupE,91,6324,427
NuNaConcept : On the beach Model : ละอองดาว ลีโนนเขวา Photo : CkkStudio2014#Model #Sexy #Cute #CupE,48,6353,310
Muay ... Sexy Under ClothModel : สุกัญญา กออิน,224,13162,1086
JaConcept : Sexy Sexy SexyModel : Jajah WantranaPhotographer : Chanrit Portraitman Angkaprasatchai#Model #Sexy #Cute #CupE,114,7883,716
Fon #CupEModel : Chonlada Patsatan,274,5635,153
Concept : Bluemoon DayModel : Supitcha BoonkumphoungPhotographer : Aekkaluk Sangjamkrajang#Model #Sexy #Cute #CupE,201,8749,1158
Concept : The Hammer Model : วัลยา นิวรณ์การณ์Photographer : วีระพงษ์ พุ่มวิเศษPage : Society#Model #Sexy #Cute #CupE,77,6411,298
ParAomConcept : Green Brigde Model : Soochada ThongtasomPhotographer : Pongsathon MakalukPage : Society#Model #Sexy #Cute #CupE,31,3151,115
Happy Children’s Day... Jiw #600cc #CupEModel : ภัทรญา ชญากรนันทน์,113,8175,622
Concept : Sweet NightModel : Thanyarat RodpolPhotographer : Phairat Noon#Model #Sexy #Cute #CupE,84,7050,658
Concept : White Bra Model : ญาระดา ภูงามดาว Photographer : Supavit Arsasenee Fanpage : Milovephoto#Model #Sexy #Cute #CupE,32,3913,222
Concept : Good afternoonModel : Pimploy ChitranapawongPhotographer : Tossaporn NilsakulwatFanPage : Jack.King#Model #Sexy #Cute #CupE,33,3811,249
LookPlaConcept : LP On DA BEACHModel : Supansa YoopraditPhotographer : Patchara Jay Siangpintip#Model #Sexy #Cute #CupE,45,5225,333
BewConcept : Black or WhiteModel : Bua SiengwongPhotographer : Sirawit Maneekul#Model #Sexy #Cute #CupE,119,8991,530
KeyConcept : Key of SexyModel : Wijitra Key NoreeModel Page : Bunny.KeysPhotographer : Wah Edward Lai#Model #Sexy #Cute #CupE,46,4825,344
TangConcept : Blue BetterModel : วิรยา วิศรียาPhotographer : Arsunsilk Benjamas#Model #Sexy #Cute #CupE,28,4331,208
Kungnang #CupE #Celeb Model : Chotip Jandahan,78,7680,412
Minkconcept : Mink Vo.l1 part.02 Model : ประภาพร วานะรินทร์Photographer : Pakorn Thanaporn#Model #Sexy #Cute #CupE,139,10372,725
JaeConcept : Sexy MEModel : Ploynapatsorn WongnokaewPhotographer : Parkpoom YeesoontesFanPage : Parkpoom Photography#Model #Sexy #Cute #CupE,62,6617,450
MookConcept : Little J’ CupEModel : Thawi MookPhoto : #CupE #Model #Sexy #Cute #CupE,39,4565,197
มาคุยกาาานลูกปลาModel : Supansa Yoopradit,740,4660,87
BookConcept : In Field Model : อัญชุลี กสิเวชPhotographer : B'ing Gose YamamotoPage : Liberally#Model #Sexy #Cute #CupE,37,4016,152
CherryConcept : Back For GoodModel : Kamonwan SangchomPhoto :  Chang ce26,62,6676,349
Aor AoeyConcept : twinsModel : Aor Aoey PumchayaPhotographer : Champ Avirut#Model #Sexy #Cute #CupE,80,5524,339
MeanConcept : Cute Forest  Model : Meaniiz ThunchanokPhotographer : จิรานุวัฒน์ พรหมเอี่ยม#Model #Sexy #Cute #CupE,31,3156,133
NewConcept : Black Bikini Model : Ni NewPhotographer : Apinan Rattanarasee#Model #Sexy #Cute #CupE,53,4754,205
Happy Birthday ... KungNang #CupE #CelebModel : Chotip JandahanVideo : Full Swing,179,8077,451
PookyConcept :Sexy FeelModel : Sutida CharoenphanPhotographer : Pongstorn Karnunghead#Model #Sexy #Cute #CupE,102,9996,570
CherryConcept : Black CherryModel : Lanchakorn YeunyawPhotographer : Wanchana Sawaddikarn#Model #Sexy #Cute #CupE,24,3854,203
JaneConcept : Her Jane Model : Nanthanit Samanprathan Photographer : Jessada JukomsriPage : 19April Photos#Model #Sexy #Cute #CupE,27,3888,195
PichaConcept : New lookModel : พิชาภรณ์ คณาธนะทรัพย์Photographer : Varodom PomcotPage : มีนมมั๊ย#Model #Sexy #Cute #CupE,35,5578,186
PareConcept : Green Concept Model : Parewaz Jongprasobchok Photographer : Jirathep JaraskunPage : Girls On Top#Model #Sexy #Cute #CupE,34,3435,155
Manow #CupE #camping1Model : Bunnada Na Ranong,160,9571,881
MeiyingConcept : Sea One Piece Model : Wiranyupha AkkarachaiyawamPhoto : #Unknown#Model #Sexy #Cute #CupE,63,5573,275
Kungnang #Celeb #CupEModel : Chotip Jandahan,1777,8420,481
PeachConcept : Blue BikiniModel : อภิสรา อุดมมงคลPhotographer : Aekkaluk Sangjamkrajang#Model #Sexy #Cute #CupE,21,3962,243
Meiying .... L sizeModel : Wiranyupha Akkarachaiyawam,1266,20222,2193
NanConcept : sexy dressModel : Nunnapat Rattanavutinun Photographer : Kritsana TaweesaksingAffiliation : Society#Model #Sexy #Cute #CupE,46,6190,251
Enjoy & GusConcept : WinterModel : Kanyapat Suvinan & Gus OrasaPhotographer : Krit SansakritPage : MJ Photographer#Model #Sexy #Cute #CupE,19,2192,100
KeyConcept : Hello BunnyModel : Wijitra Key NoreeModel Page : Bunny.KeysPhotographer : Tayme Sangsuwan#Model #Sexy #Cute #CupE,81,7430,539
MookConcept : Sweet Mook Model : Pichana YoosukPhoto : YEE PHOTO,179,12490,1050
Mooki กับเบื้องหลังงานถ่าย M SecretTidapoorn Ngiamfak,958,6796,316
YeePunConcept :  Cuttie SexyModel : Yeephun ThatcharakPhotographer : Sirawit Maneekul#Model #Sexy #Cute #CupE,38,4492,238
KaimmookConcept : Sexy CuteModel : Nilawan IamchuasawadPhoto :  Chang ce26#Model #Sexy #Cute #CupE,215,15477,1153
Teaser.... BoSolf #CupE #OnDaBEACHModel : Kittika Khrueapak,31,3352,116
OilConcept : Girl in Mink furModel : เจนจิรา แก่นอินทร์Photographer : Petchy Saosri#Model #Sexy #Cute #CupE,14,3133,93
Concept : Sexy on the BeachModel : Phatthira SoonleewongPhoto : CkkStudio2014#Model #Sexy #Cute #CupE,74,8600,454
Concept : Easy Day Model : CherNath ChayanantPhotographer : Kamin Nueng#Model #Sexy #Cute #CupE,14,2952,101
Muay #300cc ....Exercise.  Model : สุกัญญา กออิน,689,18650,4517
Concept : SunshineModel : Thanyarat CharoenpornkittadaPhotographer : Komkrit Charoen,75,7277,750
Concept : Morning Lazy weekendModel : Bua SiengwongPhotographer : Jetsada Chapakdee,61,7062,399
MookConcept : A billion of PicsModel : Pichana YoosukPhotographer : Phairat Noon#Model #Sexy #Cute #CupE,117,12717,842
CookieConcept : Eyes DamageModel : Alisa ManathanyaPhotograph : @Nattapong Nattapong Jaiwattanakoson#Model #Sexy #Cute #CupE,69,6198,454
NoeyConcept: sexy a bitModel : ํณัฐพร อำพรPhotographer : Pattanasan Muengwilai#Model #Sexy #Cute #CupE,49,4963,243
Mooki #CupEModel : Tidapoorn Ngiamfak,364,14609,1170
CatConcept : Sud Man SudModel : Suchada PramoulkanPhotographer : Gee Nikon Page : StudioG - MK II#Model #Sexy #Cute #CupE,91,6058,700
IrineConcept : RelaxModel : Irine PalanichayaPhotographer : Chawapon Pun NuamboonluePage : PNG#Model #Sexy #Cute #CupE,40,3890,212
BowvyConcept : 1 plzModel : Suttachada PhamartPhotographer : Batt Suwannachot#Model #Sexy #Cute #CupE,44,5369,300
KetConcept : Lingerie on the floorModel : Ketsirin BoraminachakunPhotographer : Komkrit Charoen#Model #Sexy #Cute #CupE,65,6594,566
MayConcept : Black BraModel : วัลยา นิวรณ์การณ์Photographer : วีระพงษ์ พุ่มวิเศษAffiliation : Society#Model #Sexy #Cute #CupE,37,4574,225
Sleepy Day ... Mook #CupEModel : Pichana Yoosuk,46,4209,320
NeNeConcept : Another DayModel : Pornnappan PornpenpipatPhoto : Portrait by Turdthai.N #Model #Sexy #Cute #CupE,113,4994,1314
JanConcept : MateModel : Naratchaporn JapunyaPhotographer : Nitipong J-r Foto Pattanapirom#Model #Sexy #Cute #CupE,11,1416,71
JinnieConcept : Sweet NightModel : Jinnie J JinPhotographer : Tuy Pintharat#Model #Sexy #Cute #CupE,36,4155,139
PookyConcept : So SweetModel : Sutida CharoenphanPhotographer : Noss Za#Model #Sexy #Cute #CupE,18,2789,106
Muay #CupE #300ccModel : สุกัญญา กออิน,2806,25752,20435
SuMeeConcept: In my room. Model : Sumeena LektedPhotographer: Nontakorn Chummuang#คนรักกล้องฟิล์ม #portra400 #filmjida#Model #Sexy #Cute #CupE,54,5536,290
Muay สุกัญญา กออิน,579,6979,171
FahConcept : One upon a timeModel : Fah Chatchaya SuthisuwanPhotographer : Pattanasan Muengwilai#Model #Sexy #Cute #CupE,81,7903,402
PimPloyConcept : She's all thatModel : Pimploy ChitranapawongPhotographer : Gee NikonPage : StudioG - MK II#Model #Sexy #Cute #CupE,53,5093,532
KhimConcept : Milk BathModel : พีชาญา ดวงศรีPhotographer : Marut Utl#Model #Sexy #Cute #CupE,31,4105,143
NataleeConcept : Little GirlModel : Natalee Achiel SteppePhotographer : Noss Za#Model #Sexy #Cute #CupE,89,6804,288
KieConcept : Sexy White LadyModel : Jarinporn BoonritPhotographer : หมวดคุง ภาพยนตร์รังสิต#Model #Sexy #Cute #CupE,68,5172,245
Chompoo #CupEModel : Chonchaya Wangphong,222,13107,1091
MaytalConcept : sport wearModel : Soraya SuttawasPhotographer : Tossaporn NilsakulwatFanPage : Jack.King#Model #Sexy #Cute #CupE,38,6135,406
AyaConcept : Sexy Over Year Model : Aya ArayaPhotographer : Nattawat Thanaponkeart#Model #Sexy #Cute #CupE,70,7833,508
LookgadeConcept : RareModel : Chadaporn Lookgade RungsanpreechaPhotographer : มลลาภ น้อยหัวหาด #HappyNewYear #Model #Sexy #Cute #CupE,32,4042,200
GracelynConcept : Girl in the gardenModel : Gracelynly JiradechworachotPhoto : #iphone7plus (P'Ai&Achi),82,8359,440
Chompoo #CupEChonchaya Wangphong,995,10052,465
DreamConcept : Dream comes TrueModel : Sukanya SueachomPhoto : Makrid #HappyNewYear #Model #Sexy #Cute #CupE,196,14437,835
YinggyConcept : Before I Fall in LoveModel : Ponjuree YingGyPhotographer : Aekkaluk Sangjamkrajang #HappyNewYear #Model #Sexy #Cute #CupE,31,5010,314
Panghom #CupE Body FirmModel : Chalita Green,94,8348,573
PreawConcept : Out DoorModel : Praew ProwPhotographer : Kittisak Keirtprawatngam#Model #Sexy #Cute #CupE,29,5295,253
ChompooPearConcept : No MoreModel : Chompoopear ChompakkamonPhotographer : Gee NikonPage : @StudioG - MK II #Model #Sexy #Cute #CupE,93,9733,784
Concept : HAPPY NEW YEAR 2018Model : Phattarasaya SarnramPhoto : #CupE #HappyNewYear #Model #Sexy #Cute #CupE,50,5426,255
J’Mook #CupEModel : Thawi Mook,84,9814,650
BosolfConcept : HAPPY NEW YEAR 2018Model : Kittika KhrueapakPhoto : #CupE #HappyNewYear #Model #Sexy #Cute #CupE,48,5781,359
BameeConcept : HAPPY NEW YEAR 2018Model : Jidapa Chaya-ngamPhoto : #CupE #HappyNewYear #Model #Sexy #Cute #CupE,22,2947,89
SobeeConcept : HAPPY NEW YEAR 2018Model : Chayidapha KruephakPhoto : #CupE #HappyNewYear #Model #Sexy #Cute #CupE,29,3421,115
LookkungConcept : HAPPY NEW YEAR 2018Model : Gachamas WongsawattanakulPhoto : #CupE #HappyNewYear #Model #Sexy #Cute #CupE,12,2110,61
