customer_id,email
ID12101,cugx@gmail.com
ID12102,kxbc@gmail.com
ID12103,nxms@gmail.com
ID12104,gezk@gmail.com
ID12105,tipx@gmail.com
ID12106,bosx@gmail.com
ID12107,qvqa@gmail.com
ID12108,twhd@gmail.com
ID12109,gtwi@gmail.com
ID12110,fuvq@gmail.com
ID12111,iffy@gmail.com
ID12112,cybk@gmail.com
ID12113,foxj@gmail.com
ID12114,lfoy@gmail.com
ID12115,lgrr@gmail.com
ID12116,nfom@gmail.com
ID12117,krrq@gmail.com
ID12118,vxas@gmail.com
ID12119,fftj@gmail.com
ID12120,qyob@gmail.com
ID12121,wumb@gmail.com
ID12122,cdcf@gmail.com
ID12123,cqic@gmail.com
ID12124,ffzm@gmail.com
ID12125,hoom@gmail.com
ID12126,vrrc@gmail.com
ID12127,kubm@gmail.com
ID12128,yyww@gmail.com
ID12129,ujyo@gmail.com
ID12130,hoio@gmail.com
ID12131,dzmm@gmail.com
ID12132,qxxv@gmail.com
ID12133,hrsg@gmail.com
ID12134,jlmb@gmail.com
ID12135,rtvi@gmail.com
ID12136,jtcw@gmail.com
ID12137,ycma@gmail.com
ID12138,sbpp@gmail.com
ID12139,tisu@gmail.com
ID12140,rkct@gmail.com
ID12141,fmce@gmail.com
ID12142,noow@gmail.com
ID12143,vurf@gmail.com
ID12144,tmmf@gmail.com
ID12145,lopo@gmail.com
ID12146,ubst@gmail.com
ID12147,kmrc@gmail.com
ID12148,fwhd@gmail.com
ID12149,woqm@gmail.com
ID12150,pntb@gmail.com
ID12151,najg@gmail.com
ID12152,rmts@gmail.com
ID12153,gqdv@gmail.com
ID12154,jzqn@gmail.com
ID12155,svkd@gmail.com
ID12156,dcwu@gmail.com
ID12157,ntgn@gmail.com
ID12158,omll@gmail.com
ID12159,wuwo@gmail.com
ID12160,wywq@gmail.com
ID12161,cwfd@gmail.com
ID12162,lxvq@gmail.com
ID12163,zzpf@gmail.com
ID12164,ysqu@gmail.com
ID12165,urqj@gmail.com
ID12166,lbgr@gmail.com
ID12167,rbqx@gmail.com
ID12168,eeod@gmail.com
ID12169,rypx@gmail.com
ID12170,hdnt@gmail.com
ID12171,bliq@gmail.com
ID12172,tjyv@gmail.com
ID12173,uuct@gmail.com
ID12174,oqmk@gmail.com
ID12175,viyf@gmail.com
ID12176,octy@gmail.com
ID12177,uhtq@gmail.com
ID12178,wlkn@gmail.com
ID12179,jmhu@gmail.com
ID12180,ebgh@gmail.com
ID12181,liic@gmail.com
ID12182,logv@gmail.com
ID12183,pdeg@gmail.com
ID12184,ryqz@gmail.com
ID12185,ixqx@gmail.com
ID12186,dumu@gmail.com
ID12187,czze@gmail.com
ID12188,kvwi@gmail.com
ID12189,qqoh@gmail.com
ID12190,tgnb@gmail.com
ID12191,ctul@gmail.com
ID12192,zqft@gmail.com
ID12193,betl@gmail.com
ID12194,rzxp@gmail.com
ID12195,vqad@gmail.com
ID12196,jupb@gmail.com
ID12197,kxhf@gmail.com
ID12198,wmfv@gmail.com
ID12199,vbzs@gmail.com
ID12200,kxzk@gmail.com
ID12201,kynq@gmail.com
ID12202,nodp@gmail.com
ID12203,rqie@gmail.com
ID12204,xjrg@gmail.com
ID12205,ytbh@gmail.com
ID12206,scnm@gmail.com
ID12207,gwrm@gmail.com
ID12208,sysc@gmail.com
ID12209,reta@gmail.com
ID12210,tjdk@gmail.com
ID12211,ktjb@gmail.com
ID12212,tbcw@gmail.com
ID12213,efoh@gmail.com
ID12214,kyot@gmail.com
ID12215,xvjv@gmail.com
ID12216,eqtn@gmail.com
ID12217,octf@gmail.com
ID12218,vdmi@gmail.com
ID12219,vcqk@gmail.com
ID12220,reib@gmail.com
ID12221,rlaf@gmail.com
ID12222,niuj@gmail.com
ID12223,yfxv@gmail.com
ID12224,wdmp@gmail.com
ID12225,cncs@gmail.com
ID12226,dvte@gmail.com
ID12227,vgiy@gmail.com
ID12228,kkbs@gmail.com
ID12229,fxkx@gmail.com
ID12230,kqja@gmail.com
ID12231,cjqu@gmail.com
ID12232,jmav@gmail.com
ID12233,zfvv@gmail.com
ID12234,ulxe@gmail.com
ID12235,gbew@gmail.com
ID12236,nlrz@gmail.com
ID12237,bywa@gmail.com
ID12238,gukd@gmail.com
ID12239,pdwg@gmail.com
ID12240,zkjy@gmail.com
ID12241,fyrm@gmail.com
ID12242,ihau@gmail.com
ID12243,ombp@gmail.com
ID12244,lyfj@gmail.com
ID12245,pofe@gmail.com
ID12246,eisy@gmail.com
ID12247,kjrw@gmail.com
ID12248,hawp@gmail.com
ID12249,tlxa@gmail.com
ID12250,zcmg@gmail.com
ID12251,bxyi@gmail.com
ID12252,tedw@gmail.com
ID12253,htsj@gmail.com
ID12254,ibti@gmail.com
ID12255,vkyr@gmail.com
ID12256,nxaz@gmail.com
ID12257,xozp@gmail.com
ID12258,zhvc@gmail.com
ID12259,wfbw@gmail.com
ID12260,tauj@gmail.com
ID12261,gbbu@gmail.com
ID12262,yjck@gmail.com
ID12263,whmi@gmail.com
ID12264,njdj@gmail.com
ID12265,zadl@gmail.com
ID12266,hoor@gmail.com
ID12267,qyay@gmail.com
ID12268,kyvj@gmail.com
ID12269,qapl@gmail.com
ID12270,exbd@gmail.com
ID12271,gezm@gmail.com
ID12272,raws@gmail.com
ID12273,tvpx@gmail.com
ID12274,ygic@gmail.com
ID12275,dwix@gmail.com
ID12276,qgew@gmail.com
ID12277,keoh@gmail.com
ID12278,nsfs@gmail.com
ID12279,hwmc@gmail.com
ID12280,vjui@gmail.com
ID12281,sixr@gmail.com
ID12282,ujwy@gmail.com
ID12283,nnkp@gmail.com
ID12284,rfzb@gmail.com
ID12285,suww@gmail.com
ID12286,hoxv@gmail.com
ID12287,twzj@gmail.com
ID12288,wpcy@gmail.com
ID12289,gekh@gmail.com
ID12290,hssf@gmail.com
ID12291,pyyy@gmail.com
ID12292,nkim@gmail.com
ID12293,jqwz@gmail.com
ID12294,yhjd@gmail.com
ID12295,ufec@gmail.com
ID12296,dgcr@gmail.com
ID12297,urjv@gmail.com
ID12298,zxmy@gmail.com
ID12299,xxfi@gmail.com
ID12300,qlrw@gmail.com
ID12301,tfko@gmail.com
ID12302,bnug@gmail.com
ID12303,dmey@gmail.com
ID12304,hlwt@gmail.com
ID12305,momp@gmail.com
ID12306,dzwb@gmail.com
ID12307,ocrf@gmail.com
ID12308,rpnq@gmail.com
ID12309,vgic@gmail.com
ID12310,cgam@gmail.com
ID12311,lnsa@gmail.com
ID12312,umds@gmail.com
ID12313,iuqw@gmail.com
ID12314,vycn@gmail.com
ID12315,luhl@gmail.com
ID12316,ijat@gmail.com
ID12317,ylla@gmail.com
ID12318,eyqv@gmail.com
ID12319,xbnk@gmail.com
ID12320,rfww@gmail.com
ID12321,uqgt@gmail.com
ID12322,utwt@gmail.com
ID12323,ksya@gmail.com
ID12324,zbxj@gmail.com
ID12325,ryzu@gmail.com
ID12326,abtz@gmail.com
ID12327,wecy@gmail.com
ID12328,nlur@gmail.com
ID12329,wbqh@gmail.com
ID12330,rjjq@gmail.com
ID12331,aoew@gmail.com
ID12332,lbqv@gmail.com
ID12333,zdlp@gmail.com
ID12334,cejg@gmail.com
ID12335,cdlz@gmail.com
ID12336,dlpe@gmail.com
ID12337,qsqv@gmail.com
ID12338,fmza@gmail.com
ID12339,dnzb@gmail.com
ID12340,zfir@gmail.com
ID12341,qajh@gmail.com
ID12342,nhkc@gmail.com
ID12343,hrvk@gmail.com
ID12344,ewpk@gmail.com
ID12345,hfbm@gmail.com
ID12346,frrz@gmail.com
ID12347,bauh@gmail.com
ID12348,hdbe@gmail.com
ID12349,cjqj@gmail.com
ID12350,aswv@gmail.com
ID12351,gvbg@gmail.com
ID12352,peot@gmail.com
ID12353,pmre@gmail.com
ID12354,rumj@gmail.com
ID12355,fcos@gmail.com
ID12356,ywaf@gmail.com
ID12357,tkay@gmail.com
ID12358,aanp@gmail.com
ID12359,jrqo@gmail.com
ID12360,ckkq@gmail.com
ID12361,zzlz@gmail.com
ID12362,hnep@gmail.com
ID12363,wtos@gmail.com
ID12364,xmif@gmail.com
ID12365,kpud@gmail.com
ID12366,xghc@gmail.com
ID12367,yaor@gmail.com
ID12368,bzip@gmail.com
ID12369,dphb@gmail.com
ID12370,osco@gmail.com
ID12371,anon@gmail.com
ID12372,oqmj@gmail.com
ID12373,dken@gmail.com
ID12374,gjox@gmail.com
ID12375,zmsu@gmail.com
ID12376,qdtp@gmail.com
ID12377,owuj@gmail.com
ID12378,holc@gmail.com
ID12379,jwoz@gmail.com
ID12380,gaah@gmail.com
ID12381,cyte@gmail.com
ID12382,ihtl@gmail.com
ID12383,qynr@gmail.com
ID12384,gvrm@gmail.com
ID12385,nvrx@gmail.com
ID12386,bapn@gmail.com
ID12387,vwcb@gmail.com
ID12388,yfxl@gmail.com
ID12389,smuk@gmail.com
ID12390,occq@gmail.com
ID12391,akrx@gmail.com
ID12392,znzj@gmail.com
ID12393,psyf@gmail.com
ID12394,vzzw@gmail.com
ID12395,isvk@gmail.com
ID12396,syyi@gmail.com
ID12397,csjr@gmail.com
ID12398,gpaa@gmail.com
ID12399,mlkr@gmail.com
ID12400,fvcm@gmail.com
ID12401,xwps@gmail.com
ID12402,tvhh@gmail.com
ID12403,hzpq@gmail.com
ID12404,zqdi@gmail.com
ID12405,exoj@gmail.com
ID12406,bpdc@gmail.com
ID12407,zesy@gmail.com
ID12408,mrex@gmail.com
ID12409,hrjv@gmail.com
ID12410,hnae@gmail.com
ID12411,ssne@gmail.com
ID12412,wvgj@gmail.com
ID12413,eeaz@gmail.com
ID12414,dply@gmail.com
ID12415,lxlj@gmail.com
ID12416,ropq@gmail.com
ID12417,gkok@gmail.com
ID12418,ckng@gmail.com
ID12419,yntb@gmail.com
ID12420,shng@gmail.com
ID12421,hfzf@gmail.com
ID12422,jsln@gmail.com
ID12423,mpya@gmail.com
ID12424,yqre@gmail.com
ID12425,zrjc@gmail.com
ID12426,xmui@gmail.com
ID12427,sivk@gmail.com
ID12428,zagi@gmail.com
ID12429,xjpx@gmail.com
ID12430,cqfm@gmail.com
ID12431,vdle@gmail.com
ID12432,ceuy@gmail.com
ID12433,ubls@gmail.com
ID12434,wtqa@gmail.com
ID12435,idpf@gmail.com
ID12436,qoxf@gmail.com
ID12437,bnem@gmail.com
ID12438,bksn@gmail.com
ID12439,wsva@gmail.com
ID12440,dfqo@gmail.com
ID12441,ntly@gmail.com
ID12442,odjd@gmail.com
ID12443,vwwh@gmail.com
ID12444,yiim@gmail.com
ID12445,ceon@gmail.com
ID12446,smdy@gmail.com
ID12447,mgsg@gmail.com
ID12448,jmfr@gmail.com
ID12449,efkz@gmail.com
ID12450,dsfc@gmail.com
ID12451,bgwy@gmail.com
ID12452,gvvb@gmail.com
ID12453,woge@gmail.com
ID12454,inmx@gmail.com
ID12455,qnpj@gmail.com
ID12456,erzr@gmail.com
ID12457,mqrj@gmail.com
ID12458,ruqz@gmail.com
ID12459,byrc@gmail.com
ID12460,cfqp@gmail.com
ID12461,dsyv@gmail.com
ID12462,ptsb@gmail.com
ID12463,vuja@gmail.com
ID12464,ppgo@gmail.com
ID12465,kkww@gmail.com
ID12466,wcjl@gmail.com
ID12467,fvpz@gmail.com
ID12468,czdm@gmail.com
ID12469,hiti@gmail.com
ID12470,plwx@gmail.com
ID12471,nwqb@gmail.com
ID12472,chsn@gmail.com
ID12473,dgsd@gmail.com
ID12474,kdnf@gmail.com
ID12475,llsq@gmail.com
ID12476,mgnq@gmail.com
ID12477,udls@gmail.com
ID12478,egya@gmail.com
ID12479,cjgn@gmail.com
ID12480,fnwj@gmail.com
ID12481,wcim@gmail.com
ID12482,dvox@gmail.com
ID12483,zxkw@gmail.com
ID12484,sral@gmail.com
ID12485,mhqc@gmail.com
ID12486,envc@gmail.com
ID12487,qqud@gmail.com
ID12488,wcxp@gmail.com
ID12489,hmtf@gmail.com
ID12490,liws@gmail.com
ID12491,ymee@gmail.com
ID12492,qklt@gmail.com
ID12493,dmih@gmail.com
ID12494,cofc@gmail.com
ID12495,heib@gmail.com
ID12496,qwla@gmail.com
ID12497,zpkj@gmail.com
ID12498,gzpt@gmail.com
ID12499,ouff@gmail.com
ID12500,efll@gmail.com
ID12501,jcnj@gmail.com
ID12502,szsu@gmail.com
ID12503,aurp@gmail.com
ID12504,zrbk@gmail.com
ID12505,fjka@gmail.com
ID12506,qkpx@gmail.com
ID12507,abwj@gmail.com
ID12508,lzxc@gmail.com
ID12509,zawt@gmail.com
ID12510,bgkw@gmail.com
ID12511,ucmm@gmail.com
ID12512,jydl@gmail.com
ID12513,yymt@gmail.com
ID12514,ujvp@gmail.com
ID12515,tdup@gmail.com
ID12516,siur@gmail.com
ID12517,dcvk@gmail.com
ID12518,mtut@gmail.com
ID12519,hyvt@gmail.com
ID12520,nzsh@gmail.com
ID12521,cvod@gmail.com
ID12522,ecya@gmail.com
ID12523,mzuw@gmail.com
ID12524,bihj@gmail.com
ID12525,ctyr@gmail.com
ID12526,pvai@gmail.com
ID12527,qigm@gmail.com
ID12528,wkfv@gmail.com
ID12529,czxj@gmail.com
ID12530,ctoi@gmail.com
ID12531,fhgo@gmail.com
ID12532,zvjr@gmail.com
ID12533,cues@gmail.com
ID12534,jkzp@gmail.com
ID12535,kwkp@gmail.com
ID12536,nyek@gmail.com
ID12537,qydv@gmail.com
ID12538,usbf@gmail.com
ID12539,vcgp@gmail.com
ID12540,ncto@gmail.com
ID12541,etuy@gmail.com
ID12542,baur@gmail.com
ID12543,qagp@gmail.com
ID12544,ghor@gmail.com
ID12545,fqlb@gmail.com
ID12546,biwv@gmail.com
ID12547,toqi@gmail.com
ID12548,ldsk@gmail.com
ID12549,oyeo@gmail.com
ID12550,eilf@gmail.com
ID12551,szbv@gmail.com
ID12552,mpsb@gmail.com
ID12553,gxhd@gmail.com
ID12554,oagt@gmail.com
ID12555,uich@gmail.com
ID12556,xpwr@gmail.com
ID12557,vceu@gmail.com
ID12558,oowe@gmail.com
ID12559,ogsz@gmail.com
ID12560,enwx@gmail.com
ID12561,jrwg@gmail.com
ID12562,lsli@gmail.com
ID12563,shbf@gmail.com
ID12564,yook@gmail.com
ID12565,wifq@gmail.com
ID12566,ymey@gmail.com
ID12567,hxxx@gmail.com
ID12568,fjyk@gmail.com
ID12569,uqrt@gmail.com
ID12570,susb@gmail.com
ID12571,gswe@gmail.com
ID12572,zjed@gmail.com
ID12573,tegw@gmail.com
ID12574,xbub@gmail.com
ID12575,tilu@gmail.com
ID12576,vjyi@gmail.com
ID12577,ketc@gmail.com
ID12578,itnk@gmail.com
ID12579,twlf@gmail.com
ID12580,wewr@gmail.com
ID12581,yjfr@gmail.com
ID12582,rtto@gmail.com
ID12583,epqs@gmail.com
ID12584,nksa@gmail.com
ID12585,obqy@gmail.com
ID12586,raku@gmail.com
ID12587,vmgj@gmail.com
ID12588,prjn@gmail.com
ID12589,bsqh@gmail.com
ID12590,gupa@gmail.com
ID12591,skoa@gmail.com
ID12592,smhy@gmail.com
ID12593,fndm@gmail.com
ID12594,lzlq@gmail.com
ID12595,iurv@gmail.com
ID12596,rkye@gmail.com
ID12597,hiya@gmail.com
ID12598,cgbo@gmail.com
ID12599,dywg@gmail.com
ID12600,sinl@gmail.com
ID12601,lbxu@gmail.com
ID12602,jpoo@gmail.com
ID12603,roiw@gmail.com
ID12604,uwmw@gmail.com
ID12605,jrjl@gmail.com
ID12606,axnq@gmail.com
ID12607,mazs@gmail.com
ID12608,rrsf@gmail.com
ID12609,qftf@gmail.com
ID12610,okiu@gmail.com
ID12611,aels@gmail.com
ID12612,wmnl@gmail.com
ID12613,bdzw@gmail.com
ID12614,ookw@gmail.com
ID12615,zprs@gmail.com
ID12616,mpdm@gmail.com
ID12617,ckyh@gmail.com
ID12618,mibd@gmail.com
ID12619,utcf@gmail.com
ID12620,qpzt@gmail.com
ID12621,emiv@gmail.com
ID12622,mcfn@gmail.com
ID12623,tolc@gmail.com
ID12624,dbew@gmail.com
ID12625,ntgv@gmail.com
ID12626,qxuz@gmail.com
ID12627,zmah@gmail.com
ID12628,cmec@gmail.com
ID12629,lvcp@gmail.com
ID12630,krnn@gmail.com
ID12631,uxlm@gmail.com
ID12632,snlb@gmail.com
ID12633,xcop@gmail.com
ID12634,xyvs@gmail.com
ID12635,txwa@gmail.com
ID12636,ahhj@gmail.com
ID12637,ckwt@gmail.com
ID12638,iedb@gmail.com
ID12639,rxtc@gmail.com
ID12640,uiwh@gmail.com
ID12641,drsf@gmail.com
ID12642,dneg@gmail.com
ID12643,ocqh@gmail.com
ID12644,frso@gmail.com
ID12645,vzcn@gmail.com
ID12646,drvk@gmail.com
ID12647,hhqq@gmail.com
ID12648,bfer@gmail.com
ID12649,yjmn@gmail.com
ID12650,lchv@gmail.com
ID12651,boqm@gmail.com
ID12652,vdfc@gmail.com
ID12653,yqxg@gmail.com
ID12654,pcpf@gmail.com
ID12655,zsuj@gmail.com
ID12656,ijpr@gmail.com
ID12657,mgtb@gmail.com
ID12658,vybj@gmail.com
ID12659,pmin@gmail.com
ID12660,vzfx@gmail.com
ID12661,sdix@gmail.com
ID12662,bbjq@gmail.com
ID12663,nwrb@gmail.com
ID12664,didn@gmail.com
ID12665,cdab@gmail.com
ID12666,kqsg@gmail.com
ID12667,ecxv@gmail.com
ID12668,tgfe@gmail.com
ID12669,xbpd@gmail.com
ID12670,fmbv@gmail.com
ID12671,nimq@gmail.com
ID12672,olhc@gmail.com
ID12673,rsxd@gmail.com
ID12674,fnil@gmail.com
ID12675,sdgx@gmail.com
ID12676,idov@gmail.com
ID12677,qxis@gmail.com
ID12678,pzdf@gmail.com
ID12679,qjos@gmail.com
ID12680,lbvo@gmail.com
ID12681,ymiv@gmail.com
ID12682,kvrb@gmail.com
ID12683,gahm@gmail.com
ID12684,iwir@gmail.com
ID12685,itpk@gmail.com
ID12686,emsp@gmail.com
ID12687,lvnr@gmail.com
ID12688,brrb@gmail.com
ID12689,ydvg@gmail.com
ID12690,aqpc@gmail.com
ID12691,ysfz@gmail.com
ID12692,gbjd@gmail.com
ID12693,ahwv@gmail.com
ID12694,wztm@gmail.com
ID12695,wjkw@gmail.com
ID12696,hagz@gmail.com
ID12697,arwa@gmail.com
ID12698,bjlc@gmail.com
ID12699,gbfe@gmail.com
ID12700,fdfj@gmail.com
